id,original_prompt,generated_text,p_value,z_score
0,family mormon have never tried explain them they still stare puzzled from time time like some kind strange creature nonetheless they have come admire for the patience calmness equanimity acceptance and compassion have developed all the things buddhism teaches,"family mormon have never tried explain them they still stare puzzled from time time like some kind strange creature nonetheless they have come admire for the patience calmness equanimity acceptance and compassion have developed all the things buddhism teaches the truth of the scriptures on, they are not trying to hide the opposite. they are saying real things true by saying the opposite. they are not trying to hide the opposite. they are saying real things true by saying the opposite. they are not",6.237685183291142e-10,6.0740116085892195
1,buddhism has very much lot compatible with christianity especially considering that sin and suffering are almost the same thing suffering caused wanting things shouldn want going about getting things the wrong way christian this would mean wanting things that don coincide with god will and wanting things that coincide but without the aid jesus buddhism could also seen proof god all mighty will and omnipotence certainly christians are lucky have one such christ there side but what about everyone else well many christians believe god grace salvation and buddhism god way showing grace upon others would also help study the things jesus said and see how buddha has made similar claims such rich man getting into heaven joke basically advocating that should rid ourselves material possessions fact distinctly remembered jesus making someone cry because that someone asked what achieve salvation and jesus replied with live like buddhist very very roughly translated also point out that buddha rarely spoke anything about god theory personally because knew well enough leave that jesus and mohamed who came later just remember conflict difference opinion but education can fun involving and enlightening easier teach something than prove right like intelligent design,buddhism has very much lot compatible with christianity especially considering that sin and suffering are almost the same thing suffering caused wanting things shouldn want going about getting things the wrong way christian this would mean wanting things that don coincide with god will and wanting things that coincide but without the aid jesus buddhism could also seen proof god all mighty will and omnipotence certainly christians are lucky have one such christ there side but what about everyone else well many christians believe god grace salvation and buddhism god way showing grace upon others would also help study the things jesus said and see how buddha has made similar claims such rich man getting into heaven joke basically advocating that should rid ourselves material possessions fact distinctly remembered jesus making someone cry because that someone asked what achieve salvation and jesus replied with live like buddhist very very roughly translated also point out that buddha rarely spoke anything about god theory personally because knew well enough leave that jesus and christians have very different views of god and the book and there is no evidence that jesus is based on it at all these are very different things but faithless and co-completely opposite meanings the bible has very few beliefs and the,0.2787400674314348,0.5865884600854132
2,seriously don say thing first all they won get its too complex explain normal people anyway and they are dogmatic then doesn matter what you say see mechante post and for any reason you decide later life move from buddhism and that doesn suit you identity though you still get keep all the wisdom then your family will treat you like you went through weird hippy phase for while there didncha and you never hear the end pro tip don put one these your wall jpg,"seriously don say thing first all they won get its too complex explain normal people anyway and they are dogmatic then doesn matter what you say see mechante post and for any reason you decide later life move from buddhism and that doesn suit you identity though you still get keep all the wisdom then your family will treat you like you went through weird hippy phase for while there didncha and you never hear the end pro tip don put one these your wall jpgs from here or something on your wall and it will be all good I'm just being a bit of a dumbass
okay good idea, ill keep it in mind",0.000681272511389508,3.2024699769846983
3,for your own benefit you may want read living buddha living christ thich nhat hanh you might find any subsequent discussions with your loved ones easier you are able articulate some the parallels that exist between buddhism and christianity don surprised they react negatively for having lost you treat them with compassion and deserved understanding although they may indeed display signs being hurt your new path properly sharing with them way that may alleviate their fear something they may perceive wrong the very least alien their beliefs may help allowing them the long run accept although not necessarily agree with your decision regardless where they end you have make your own way,for your own benefit you may want read living buddha living christ thich nhat hanh you might find any subsequent discussions with your loved ones easier you are able articulate some the parallels that exist between buddhism and christianity don surprised they react negatively for having lost you treat them with compassion and deserved understanding although they may indeed display signs being hurt your new path properly sharing with them way that may alleviate their fear something they may perceive wrong the very least alien their beliefs may help allowing them the long run accept although not necessarily agree with your decision regardless where they end you have make your own way some more difficult the better on your own you are able to make it to someone who understands what it is like for you to make your own way back in to their life with these types of things that they may not accept you are able to make it,3.0335035735700453e-07,4.989071878278332
4,you should all sit down together and watch the simpsons episode where lisa becomes buddhist simpsons season episode she little faith then discuss,"you should all sit down together and watch the simpsons episode where lisa becomes buddhist simpsons season episode she little faith then discuss some more things then sit on your couch and watch the show while she gets drunk with some friends
I was going to say, that sounds like the right thing to do. I don’t hate them, but it’s unnecessary and",1.0082049013621205e-07,5.197818390182175
5,was teens when discovered zen meditation was then undiagnosed bpd being homeschooled and just gotten 56k modem with web connection where came across link zen meditation tried for couple weeks and the change was palpable felt the most profound sense peace ever felt grades immediately started going had more energy started martial arts just huge positive change all around parents asked something was wrong fundie parents when anything changes this was where naiveté kicked foolishly told them been trying meditation and really calmed down thought they happy that found something that helped but never forget what happened next mother affected this mockingly calm breathy voice she said you can pretend calm and happy all you want but without jesus you never content was that moment that any belief had christian faith all vanished completely realized that she had probably never been happy ever have never felt profoundly sorry for someone did for her that moment,was teens when discovered zen meditation was then undiagnosed bpd being homeschooled and just gotten 56k modem with web connection where came across link zen meditation tried for couple weeks and the change was palpable felt the most profound sense peace ever felt grades immediately started going had more energy started martial arts just huge positive change all around parents asked something was wrong fundie parents when anything changes this was where naiveté kicked foolishly told them been trying meditation and really calmed down thought they happy that found something that helped but never forget what happened next mother affected this mockingly calm breathy voice she said you can pretend calm and happy all you want but without jesus you never content was that moment that any belief had christian faith all vanished completely realized that she had probably never been happy ever have never felt profoundly sorry for someone did for her that moment was when she realized how much she needed to keep trying zen meditation I can't help but notice how it is like when I'm struggling with my depression a lot I can't help but feel like in the moment something like this happened and it felt,0.00043045205026043026,3.3324323106561526
6,there are two varieties christians dogmatic that dwell words and conservative that take heart the spirit the teachings hate oversimplify things but helps this understanding you are discussing with dogmatic religious people who live the letter the law will uphill battle wish you luck you are discussing with moderates exchange idea should come fairly easily comparing contrasting also discussing parallel teachings presented differently wouldn out the ordinary they may give you relevant spiritual advice even though you are not believer their religion,"there are two varieties christians dogmatic that dwell words and conservative that take heart the spirit the teachings hate oversimplify things but helps this understanding you are discussing with dogmatic religious people who live the letter the law will uphill battle wish you luck you are discussing with moderates exchange idea should come fairly easily comparing contrasting also discussing parallel teachings presented differently wouldn out the ordinary they may give you relevant spiritual advice even though you are not believer their religion is held in the same spirit, its not an ""intending"" religion.
I was talking about Christianity. I don't see how that could be related to religion.
haha what a joke",3.3569715980303465e-07,4.969460539912031
7,dont worry about trying explain yourself just meditate regularly and try hard you can more aware everything else will follow coming from someone who has been throught his situation welcome pms,"dont worry about trying explain yourself just meditate regularly and try hard you can more aware everything else will follow coming from someone who has been throught his situation welcome pms
I was definitely more on point about not trying to explain myself and I'm not worried about trying explain myself since it sounds like you are.
i’ve been so stressed lately it’s hard to keep my mind from making the",2.333427404810561e-07,5.039526306789696
8,recently told family that buddhist live the bible belt this whole ordeal involved leaving the baptist church and everything been pretty rough but those who really care about have been open and accepting they seen the good has created life and relationships with others fact there are handful christians who have lovely conversations with and that truly respect someone else suggested living buddha living christ great one read about the important dialogue between buddhists and christians also welcome you message,"recently told family that buddhist live the bible belt this whole ordeal involved leaving the baptist church and everything been pretty rough but those who really care about have been open and accepting they seen the good has created life and relationships with others fact there are handful christians who have lovely conversations with and that truly respect someone else suggested living buddha living christ great one read about the important dialogue between buddhists and christians also welcome you message me how you are doing on your journey on this website and if you are having any doubts or questions feel free to PM me.

There are a lot of things that you might want to think about. I would like to suggest you to read",0.013774150381285368,2.2036594809347627
9,unto others you would have them unto you would good start,"unto others you would have them unto you would good start
I was thinking more on, ""Who are they to judge and claim them as their own?""
they are not your own. they are mine and mine and mine and mine and mine and mine and mine and mine and mine and mine and mine",3.0543216393398448e-21,9.388110141123075
10,first understand that you are not anyway control how they will react always find that any subject better understood first learning the vocabulary explain what the word buddha means most people believe buddhists praise worship and follow guy named buddha christians due jesus let them know that one could both buddhist and christian with conflict the teachings and the messages jesus are indeed buddhist philosophy jesus became enlightened buddha and realized that had become annointed being christ then continue with your practice and let them work out their own issues that advice all the best,"first understand that you are not anyway control how they will react always find that any subject better understood first learning the vocabulary explain what the word buddha means most people believe buddhists praise worship and follow guy named buddha christians due jesus let them know that one could both buddhist and christian with conflict the teachings and the messages jesus are indeed buddhist philosophy jesus became enlightened buddha and realized that had become annointed being christ then continue with your practice and let them work out their own issues that advice all the best buddhist communities have on different occasions and it is okay if and when one is going through them

also remember that buddhist teaching is very different from what is taught in jesus world and the message it sends is not the same",0.010944759060283067,2.292279532375023
11,recently heard similar question where person asked they should introduce meditation his loved ones who had challenges coping with problems life the answer from the lama was quite interesting instead giving people advice one should focus his practice that way others will see the change and maybe even ask about personally think better keep yourself even though you must really excited about you can also keep dharma books around the house and sure people will pick them for quick browse when you are not looking learn bit about other people traditions well browsing through books they owned,recently heard similar question where person asked they should introduce meditation his loved ones who had challenges coping with problems life the answer from the lama was quite interesting instead giving people advice one should focus his practice that way others will see the change and maybe even ask about personally think better keep yourself even though you must really excited about you can also keep dharma books around the house and sure people will pick them for quick browse when you are not looking learn bit about other people traditions well browsing through books they owned some books to read more on different people traditions and you will find a lot more about your loved ones traditions and by listening to one’s loved ones’ traditions I think we can find a lot more information about your loved ones traditions and learning,9.088813660800852e-09,5.628506861100785
12,different times different cultures same point they were trying get across jesus said god has beginning nor end buddha said mind was never born and has never died just replace the word meditation with prayer and couting the breath with the name jesus and everyone happy,"different times different cultures same point they were trying get across jesus said god has beginning nor end buddha said mind was never born and has never died just replace the word meditation with prayer and couting the breath with the name jesus and everyone happy and healthy and the world does it again and it works
Then why does it have to be in jesus?
because i dont get it. i need you to think about his words, where is the proof of this point not?",1.057708844483676e-08,5.602287114655289
13,does evil include the lady pai chunked,"does evil include the lady pai chunked out?
Not sure on, but it does include a bit of the girl pai chunked out.
""He's a good Guy""",2.1232365568129696e-07,5.057563382541147
