start,end,orig,replacement,row_id,percent_used
12,19,biggest,bighearted,0,10.0
26,35,providers,supplier,0,10.0
65,74,including,letin,0,10.0
129,134,event,issue,0,10.0
139,143,held,contain,0,10.0
237,241,well,easily,0,10.0
249,256,reality,realness,0,10.0
47,51,head,brain,1,10.0
92,99,dealing,carryon,1,10.0
114,121,largest,orotund,1,10.0
122,126,bank,bankingcompany,1,10.0
179,187,problems,job,1,10.0
241,249,criminal,vicious,1,10.0
277,282,fraud,sham,1,10.0
5,9,good,near,2,10.0
107,111,also,too,2,10.0
183,186,way,fashion,2,10.0
201,205,team,squad,2,10.0
219,223,find,retrieve,2,10.0
242,251,confusion,disarray,2,10.0
394,397,see,control,2,10.0
418,423,final,terminal,2,10.0
127,131,live,endure,3,10.0
223,228,Visit,Chitchat,3,10.0
4,12,released,resign,4,10.0
214,221,episode,sequence,4,10.0
229,235,sequel,continuation,4,10.0
241,248,grossed,gross,4,10.0
251,258,maximum,maximal,4,10.0
289,295,racked,excruciate,4,10.0
7,14,worried,distressed,5,10.0
49,55,trying,try,5,10.0
59,63,make,pullin,5,10.0
144,149,think,conceive,5,10.0
165,172,looking,count,5,10.0
188,192,tate,johnorleyallentate,5,10.0
211,214,way,fashion,5,10.0
253,257,good,near,5,10.0
283,287,deal,businessdeal,5,10.0
14,17,day,clarenceday,6,10.0
46,56,understood,understand,6,10.0
106,114,decision,determination,6,10.0
147,151,made,progressto,6,10.0
254,258,said,soundout,6,10.0
269,273,make,pullin,6,10.0
282,294,announcement,promulgation,6,10.0
352,358,chance,hazard,6,10.0
394,401,meeting,groupmeeting,6,10.0
8,16,finished,finish,7,10.0
142,148,number,phonenumber,7,10.0
215,225,tournament,tourney,7,10.0
255,264,contender,rival,7,10.0
3,11,chairman,president,8,10.0
28,33,still,however,8,10.0
34,44,recovering,recover,8,10.0
92,96,feet,pes,8,10.0
131,137,former,erstwhile,8,10.0
293,297,team,squad,8,10.0
370,374,play,playingperiod,8,10.0
0,3,too,also,9,10.0
202,210,involved,take,9,10.0
222,229,revenge,retaliation,9,10.0
267,273,killed,pop,9,10.0
285,290,going,plump,9,10.0
301,304,way,fashion,9,10.0
340,344,film,motionpicture,9,10.0
4,13,erstwhile,former,10,10.0
39,43,well,easily,10,10.0
73,76,won,makeheadway,10,10.0
102,105,war,stateofwar,10,10.0
148,158,screenings,screening,10,10.0
242,250,received,obtain,10,10.0
318,323,prove,leaven,10,10.0
392,397,named,key,10,10.0
0,9,investors,investor,11,10.0
39,51,particularly,especially,11,10.0
86,92,demand,requirement,11,10.0
176,181,goods,commodity,11,10.0
331,337,profit,earnings,11,10.0
403,407,down,downwardly,11,10.0
8,14,barrel,drum,12,10.0
70,80,appearance,visualaspect,13,10.0
87,93,taking,callfor,13,10.0
102,107,prime,efflorescence,13,10.0
174,179,stand,standstill,13,10.0
183,189,issues,issuance,13,10.0
232,235,gay,brave,13,10.0
338,342,next,following,13,10.0
20,24,very,real,14,10.0
125,128,try,tryout,14,10.0
262,268,become,get,14,10.0
293,296,try,tryout,14,10.0
300,307,hardest,heavy,14,10.0
312,316,stay,rideout,14,10.0
350,354,game,secretplan,14,10.0
40,48,breached,infract,15,10.0
52,59,company,companionship,15,10.0
139,150,substantial,square,15,10.0
198,207,statement,assertion,15,10.0
273,277,cash,johncash,15,10.0
325,334,financing,funding,15,10.0
4,14,government,administration,16,10.0
101,107,energy,vigour,16,10.0
193,202,expertise,expertness,16,10.0
210,215,drugs,drug,16,10.0
231,240,discovery,find,16,10.0
25,32,getting,buzzoff,17,10.0
159,167,planning,project,17,10.0
238,242,made,progressto,17,10.0
298,304,tennis,lawntennis,17,10.0
305,316,tournaments,tourney,17,10.0
361,367,events,issue,17,10.0
53,57,make,pullin,18,10.0
65,71,profit,earnings,18,10.0
157,166,companies,fellowship,18,10.0
171,182,governments,governmentactivity,18,10.0
37,41,said,soundout,19,10.0
184,188,said,soundout,19,10.0
245,253,continue,retain,19,10.0
288,295,officer,policeman,19,10.0
311,315,said,soundout,19,10.0
320,327,company,companionship,19,10.0
39,46,account,newsreport,20,10.0
229,232,law,legalphilosophy,20,10.0
281,285,used,expend,20,10.0
293,305,unauthorized,unauthorised,20,10.0
337,350,investigating,lookinto,20,10.0
374,378,sent,station,20,10.0
423,426,say,enjoin,20,10.0
8,12,also,too,21,10.0
15,19,very,real,21,10.0
80,85,going,plump,21,10.0
208,218,connection,connexion,21,10.0
317,320,use,apply,21,10.0
33,37,part,voice,22,10.0
78,83,clubs,socialclub,22,10.0
105,112,looking,count,22,10.0
116,119,get,obtain,22,10.0
188,192,plan,program,22,10.0
244,248,luck,fate,22,10.0
253,257,look,appear,22,10.0
6,9,out,away,23,10.0
75,80,going,plump,23,10.0
171,177,family,syndicate,23,10.0
184,190,taking,callfor,23,10.0
233,238,terms,terminus,23,10.0
355,359,ever,ofalltime,23,10.0
39,42,end,terminal,24,10.0
171,184,soundproofing,soundproof,24,10.0
239,243,tiny,midget,24,10.0
266,271,works,dowork,24,10.0
348,356,chambers,bedroom,24,10.0
431,437,caused,have,24,10.0
470,478,speakers,loudspeaker,24,10.0
74,78,seen,visit,25,10.0
174,181,biggest,bighearted,25,10.0
182,189,victory,triumph,25,10.0
229,239,determined,compulsive,25,10.0
243,248,fight,fightback,25,10.0
4,9,films,plasticfilm,26,10.0
16,20,life,animation,26,10.0
178,189,performance,execution,26,10.0
204,208,most,almost,26,10.0
242,246,show,appearance,26,10.0
329,335,global,worldwide,26,10.0
365,371,planet,majorplanet,26,10.0
66,73,deliver,extradite,27,10.0
81,91,consistent,logical,27,10.0
125,131,series,serial,27,10.0
148,155,limited,circumscribed,27,10.0
166,172,venues,locale,27,10.0
267,271,city,urbancenter,27,10.0
38,49,individuals,somebody,28,10.0
71,77,having,sustain,28,10.0
114,123,including,letin,28,10.0
153,157,also,too,28,10.0
344,348,said,soundout,28,10.0
353,364,authorities,assurance,28,10.0
432,437,group,grouping,28,10.0
455,464,detention,detainment,28,10.0
507,515,detained,holdup,28,10.0
547,553,murder,execution,28,10.0
7,14,husband,hubby,29,10.0
46,49,hit,off,29,10.0
50,54,cult,craze,29,10.0
66,71,flick,picture,29,10.0
97,104,working,mould,29,10.0
301,308,amazing,awesome,29,10.0
72,79,believe,think,30,10.0
136,145,delighted,enthralled,30,10.0
212,220,extended,reachout,30,10.0
344,351,funding,financing,30,10.0
364,373,including,letin,30,10.0
374,379,other,early,30,10.0
380,386,events,issue,30,10.0
141,146,total,sum,31,10.0
159,164,based,ground,31,10.0
295,302,changes,change,31,10.0
320,327,however,still,31,10.0
366,374,requires,command,31,10.0
375,385,installing,install,31,10.0
388,393,small,minuscule,31,10.0
416,424,programs,program,31,10.0
19,26,contest,competition,32,10.0
137,141,told,assure,32,10.0
182,186,stay,rideout,32,10.0
196,200,stay,rideout,32,10.0
254,257,eye,middle,32,10.0
313,319,family,syndicate,32,10.0
335,339,come,amount,32,10.0
35,39,good,near,33,10.0
113,118,group,grouping,33,10.0
138,144,living,know,33,10.0
165,168,dad,pop,33,10.0
317,322,sassy,overbold,33,10.0
362,366,show,appearance,33,10.0
119,129,conspiracy,confederacy,34,10.0
133,139,commit,entrust,34,10.0
260,270,government,administration,34,10.0
319,325,called,callin,34,10.0
374,380,caught,enamour,34,10.0
451,454,tax,revenueenhancement,34,10.0
82,85,job,caper,35,10.0
147,153,taking,callfor,35,10.0
260,264,long,longsighted,35,10.0
265,269,time,metre,35,10.0
282,293,westminster,cityofwestminster,35,10.0
324,328,made,progressto,35,10.0
343,350,remarks,remark,35,10.0
420,427,holiday,vacation,35,10.0
67,76,addiction,dependency,36,10.0
302,306,very,real,36,10.0
307,311,high,gamy,36,10.0
322,329,anxiety,anxiousness,36,10.0
365,370,drugs,drug,36,10.0
398,405,incomes,income,36,10.0
52,56,make,pullin,37,10.0
77,85,misdeeds,misbehaviour,37,10.0
100,104,also,too,37,10.0
120,128,councils,council,37,10.0
276,281,mayor,citymanager,37,10.0
301,305,take,fill,37,10.0
311,315,time,metre,37,10.0
61,69,expected,require,38,10.0
185,191,people,hoipolloi,38,10.0
240,250,candidates,candidate,38,10.0
256,266,commission,committee,38,10.0
284,292,donation,contribution,38,10.0
12,18,shrink,wither,39,10.0
98,106,expected,require,39,10.0
124,128,down,downwardly,39,10.0
147,155,forecast,prognosis,39,10.0
220,224,cost,monetaryvalue,39,10.0
344,349,small,minuscule,39,10.0
350,356,amount,sum,39,10.0
4,8,only,solely,40,10.0
17,21,part,voice,40,10.0
177,182,labor,travail,40,10.0
183,187,plan,program,40,10.0
239,246,provide,bringhomethebacon,40,10.0
379,385,saying,read,40,10.0
6,12,player,histrion,41,10.0
31,34,win,gainground,41,10.0
62,66,give,hand,41,10.0
90,96,trying,try,41,10.0
180,185,liked,care,41,10.0
268,275,outcome,resultant,41,10.0
366,370,sure,trusted,41,10.0
38,41,new,unexampled,42,10.0
99,106,applied,puton,42,10.0
122,126,more,toagreaterextent,42,10.0
142,147,offer,crack,42,10.0
162,171,mortgages,mortgage,42,10.0
172,180,declined,worsen,42,10.0
237,242,other,early,42,10.0
359,366,housing,trapping,42,10.0
81,88,moments,import,43,10.0
110,113,win,gainground,43,10.0
129,133,jump,parachuting,43,10.0
230,233,won,makeheadway,43,10.0
265,269,jump,parachuting,43,10.0
305,314,preparing,organize,43,10.0
327,331,huge,vast,43,10.0
352,360,national,interior,43,10.0
55,66,transformed,transmute,44,10.0
98,105,further,farther,44,10.0
177,183,global,worldwide,44,10.0
252,264,technologies,engineeringscience,44,10.0
319,330,information,entropy,44,10.0
429,436,devices,device,44,10.0
81,88,getting,buzzoff,45,10.0
96,104,involved,take,45,10.0
131,134,get,obtain,45,10.0
163,168,doing,manage,45,10.0
231,235,good,near,45,10.0
270,274,sure,trusted,45,10.0
353,359,better,comfortably,45,10.0
360,364,here,hither,45,10.0
4,8,said,soundout,46,10.0
25,28,fan,sportsfan,46,10.0
90,95,power,might,46,10.0
188,196,targeted,point,46,10.0
203,212,statement,assertion,46,10.0
320,328,restrict,restrain,46,10.0
340,347,ability,power,46,10.0
386,392,wanted,require,46,10.0
154,163,essential,allimportant,47,10.0
179,185,urgent,pressing,47,10.0
241,244,new,unexampled,47,10.0
257,270,communication,communicating,47,10.0
76,89,pediatricians,pediatrist,48,10.0
196,203,doctors,doctorofthechurch,48,10.0
242,248,ranked,order,48,10.0
310,316,having,sustain,48,10.0
48,54,dollar,onedollarbill,49,10.0
167,171,shed,spill,49,10.0
218,225,foreign,extraneous,49,10.0
235,241,market,marketplace,49,10.0
260,268,increase,increment,49,10.0
80,84,soon,shortly,50,10.0
90,97,grabbed,seize,50,10.0
143,147,want,require,50,10.0
179,182,win,gainground,50,10.0
238,244,player,histrion,50,10.0
260,264,wish,bid,50,10.0
289,295,future,next,50,10.0
3,10,reduced,loseweight,51,10.0
29,33,year,twelvemonth,51,10.0
87,91,sums,substance,51,10.0
144,148,aims,drawabeadon,51,10.0
263,267,face,faceup,51,10.0
62,73,performance,execution,52,10.0
91,96,fixed,fasten,52,10.0
97,101,rate,chargeperunit,52,10.0
219,224,share,ploughshare,52,10.0
60,70,downgraded,downgrade,53,10.0
129,138,expecting,expect,53,10.0
141,148,decline,declivity,53,10.0
233,237,deal,businessdeal,53,10.0
42,46,find,retrieve,54,10.0
81,88,failing,miscarry,54,10.0
146,150,away,aside,54,10.0
158,163,north,secondearlofguilford,54,10.0
207,211,only,solely,54,10.0
95,102,dealing,carryon,55,10.0
167,173,scheme,dodging,55,10.0
197,203,freeze,freezing,55,10.0
300,306,nation,carryameliamoorenation,55,10.0
307,313,facing,face,55,10.0
340,346,losses,passing,55,10.0
56,64,scrapped,scrap,56,10.0
99,105,shares,percentage,56,10.0
148,155,partner,pardner,56,10.0
157,161,says,tell,56,10.0
349,354,equal,adequate,56,10.0
64,69,rugby,rugger,57,10.0
127,130,now,instantly,57,10.0
155,158,day,clarenceday,57,10.0
205,215,atmosphere,ambiance,57,10.0
246,251,other,early,57,10.0
252,255,end,terminal,57,10.0
294,299,worse,risky,57,10.0
310,314,gets,get,57,10.0
347,354,special,peculiar,57,10.0
83,90,biggest,bighearted,58,10.0
157,168,tournaments,tourney,58,10.0
204,211,country,respublica,58,10.0
216,219,won,makeheadway,58,10.0
253,260,history,account,58,10.0
290,295,crown,jacket,58,10.0
310,316,played,act,58,10.0
62,66,make,pullin,59,10.0
179,185,amount,sum,59,10.0
313,328,pharmacological,pharmacologic,59,10.0
344,352,patients,patient,59,10.0
361,370,infection,transmission,59,10.0
19,29,executives,executivedirector,60,10.0
71,81,journalism,newsmedia,60,10.0
106,117,established,constitute,60,10.0
122,130,aspiring,aim,60,10.0
287,297,television,televisionset,60,10.0
312,316,news,newsshow,60,10.0
352,357,group,grouping,60,10.0
372,384,redundancies,redundancy,60,10.0
26,29,win,gainground,61,10.0
34,38,more,morethan,61,10.0
165,173,planning,project,61,10.0
247,254,discuss,discourse,61,10.0
262,265,get,obtain,61,10.0
305,316,competitive,militant,61,10.0
9,16,company,companionship,62,10.0
17,23,backed,backup,62,10.0
149,156,tobacco,baccy,62,10.0
157,165,products,ware,62,10.0
213,217,pose,model,62,10.0
299,303,also,too,62,10.0
408,419,allegations,allegation,62,10.0
27,30,job,caper,63,10.0
34,38,very,real,63,10.0
55,60,great,capital,63,10.0
61,65,work,bodyofwork,63,10.0
124,129,helps,serve,63,10.0
249,255,player,histrion,63,10.0
292,298,sports,summercater,63,10.0
338,343,other,early,63,10.0
72,77,rupee,seychellesrupee,64,10.0
214,217,yet,withal,64,10.0
223,233,determined,mold,64,10.0
268,275,follows,follow,64,10.0
294,303,conducted,comport,64,10.0
385,393,tumbling,getit,64,10.0
62,67,using,expend,65,10.0
80,88,internet,cyberspace,65,10.0
118,125,network,net,65,10.0
204,213,broadband,wideband,65,10.0
268,273,grown,maturate,65,10.0
116,124,exchange,central,66,10.0
194,199,units,buildingblock,66,10.0
220,227,selling,trade,66,10.0
228,232,cars,elevatorcar,66,10.0
256,263,outcome,resultant,66,10.0
50,59,cancelled,cancel,67,10.0
98,102,fans,fan,67,10.0
108,120,disappointed,disappoint,67,10.0
215,219,look,appear,67,10.0
251,255,area,country,67,10.0
11,18,account,newsreport,68,10.0
74,81,concept,construct,68,10.0
101,104,let,lease,68,10.0
246,250,blog,weblog,68,10.0
251,256,users,exploiter,68,10.0
344,348,data,datum,68,10.0
380,388,research,enquiry,68,10.0
473,479,easily,easy,68,10.0
63,67,boom,roar,69,10.0
180,187,respond,react,69,10.0
213,222,currently,presently,69,10.0
261,269,domestic,domesticated,69,10.0
270,277,product,production,69,10.0
282,289,imports,spell,69,10.0
46,49,gap,disruption,70,10.0
102,107,lists,lean,70,10.0
112,117,lists,lean,70,10.0
130,134,data,datum,70,10.0
135,142,sharing,communion,70,10.0
33,39,global,worldwide,71,10.0
54,62,expected,require,71,10.0
118,122,weak,decrepit,71,10.0
310,314,rate,chargeperunit,71,10.0
4,8,sold,sell,72,10.0
27,35,discount,pricereduction,72,10.0
104,109,final,terminal,72,10.0
148,152,left,odd,72,10.0
153,160,leaning,list,72,10.0
230,236,effort,crusade,72,10.0
412,418,saying,read,72,10.0
40,43,due,ascribable,73,10.0
47,51,play,toy,73,10.0
68,75,article,clause,73,10.0
218,225,sparked,sparkoff,73,10.0
226,234,protests,dissent,73,10.0
259,269,government,administration,73,10.0
303,307,make,pullin,73,10.0
6,9,den,hideout,74,10.0
84,92,research,enquiry,74,10.0
153,158,union,pairing,74,10.0
201,205,plan,program,74,10.0
211,216,works,dowork,74,10.0
239,252,international,outside,74,10.0
346,357,development,developing,74,10.0
359,368,including,letin,74,10.0
29,37,research,enquiry,75,10.0
69,73,work,actupon,75,10.0
83,87,just,scarcely,75,10.0
92,95,fun,sport,75,10.0
139,144,great,capital,75,10.0
14,17,oil,fossiloil,76,10.0
236,243,company,companionship,76,10.0
244,249,owned,have,76,10.0
319,326,company,companionship,76,10.0
11,15,team,squad,77,10.0
104,112,comments,scuttlebutt,77,10.0
147,150,bid,tender,77,10.0
293,297,time,metre,77,10.0
321,325,play,toy,77,10.0
350,355,going,plump,77,10.0
0,4,scan,rundown,78,10.0
8,13,check,crack,78,10.0
45,53,expected,require,78,10.0
79,89,appearance,visualaspect,78,10.0
148,153,named,key,78,10.0
239,243,game,secretplan,78,10.0
33,39,adding,append,79,10.0
80,85,cover,track,79,10.0
98,104,estate,landedestate,79,10.0
105,113,holdings,retention,79,10.0
187,196,financial,fiscal,79,10.0
242,253,allegations,allegation,79,10.0
352,359,respond,react,79,10.0
0,7,company,companionship,80,10.0
8,16,admitted,allow,80,10.0
45,53,telecoms,telecommunication,80,10.0
76,85,including,letin,80,10.0
152,159,company,companionship,80,10.0
62,65,now,instantly,81,10.0
66,73,leading,run,81,10.0
151,157,played,act,81,10.0
13,24,concessions,grant,82,10.0
70,76,united,linkup,82,10.0
171,174,bus,charabanc,82,10.0
176,183,however,still,82,10.0
238,247,announced,announce,82,10.0
288,292,road,route,82,10.0
301,308,purpose,intent,82,10.0
9,13,film,motionpicture,83,10.0
14,20,called,callin,83,10.0
57,63,winner,victor,83,10.0
127,131,also,too,83,10.0
132,137,stars,asterisk,83,10.0
140,147,leading,run,83,10.0
5,9,more,morethan,84,10.0
31,40,including,letin,84,10.0
152,162,considered,deliberate,84,10.0
180,185,movie,picture,84,10.0
335,341,saying,read,84,10.0
70,80,appearance,visualaspect,85,10.0
87,93,taking,callfor,85,10.0
102,107,prime,efflorescence,85,10.0
174,179,stand,standstill,85,10.0
183,189,issues,issuance,85,10.0
232,235,gay,brave,85,10.0
338,342,next,following,85,10.0
24,30,recent,late,86,10.0
58,63,grant,concede,86,10.0
64,70,grants,hiramulyssesgrant,86,10.0
118,128,screenings,screening,86,10.0
265,277,implications,logicalimplication,86,10.0
457,465,stopping,blockup,86,10.0
470,476,spread,facingpages,86,10.0
480,488,diseases,disease,86,10.0
28,33,built,construct,87,10.0
65,68,dam,dike,87,10.0
95,102,largest,orotund,87,10.0
103,108,water,weewee,87,10.0
131,136,known,liewith,87,10.0
193,200,complex,coordinationcompound,87,10.0
283,291,designed,contrive,87,10.0
38,43,style,fashion,88,10.0
75,84,modernity,modernness,88,10.0
198,203,dance,terpsichore,88,10.0
204,208,band,isthmus,88,10.0
235,239,song,birdcall,88,10.0
306,310,well,easily,88,10.0
404,411,release,pressrelease,88,10.0
17,21,says,tell,89,10.0
67,72,basis,ground,89,10.0
139,146,central,primal,89,10.0
147,152,banks,cant,89,10.0
323,327,lows,first,89,10.0
344,350,global,worldwide,89,10.0
351,360,financial,fiscal,89,10.0
372,380,expected,require,89,10.0
8,12,made,progressto,90,10.0
20,24,lost,suffer,90,10.0
31,35,sure,trusted,91,10.0
68,72,just,scarcely,91,10.0
87,91,back,backwards,91,10.0
110,114,hard,concentrated,91,10.0
153,157,hurt,wound,91,10.0
186,192,hoping,trust,91,10.0
318,322,play,toy,91,10.0
323,328,again,oncemore,91,10.0
367,371,play,toy,91,10.0
100,107,invited,callfor,92,10.0
119,124,ruled,reign,92,10.0
215,220,court,tribunal,92,10.0
228,234,uphold,carryon,92,10.0
292,299,correct,right,92,10.0
348,354,misled,misinform,92,10.0
145,151,silver,ashgrey,93,10.0
192,202,incredible,unbelievable,93,10.0
223,233,recognised,realize,93,10.0
81,86,aware,cognizant,94,10.0
127,132,going,plump,94,10.0
158,164,simple,uncomplicated,94,10.0
192,201,organised,devise,94,10.0
220,227,founder,laminitis,94,10.0
330,337,poverty,poorness,94,10.0
23,27,time,metre,95,10.0
28,36,champion,wizard,95,10.0
41,46,going,plump,95,10.0
138,143,world,humankind,95,10.0
159,165,former,erstwhile,95,10.0
254,261,sundays,dominicus,95,10.0
68,71,low,crushed,96,10.0
121,124,oil,fossiloil,96,10.0
125,129,rose,rebel,96,10.0
161,164,oil,fossiloil,96,10.0
173,181,advanced,further,96,10.0
69,74,began,setabout,97,10.0
182,186,look,appear,97,10.0
235,242,improve,ameliorate,97,10.0
254,258,last,net,97,10.0
306,310,done,coiffe,97,10.0
356,360,game,secretplan,97,10.0
370,376,played,act,97,10.0
113,118,still,however,98,10.0
138,144,showed,exhibit,98,10.0
159,165,prices,cost,98,10.0
208,213,month,calendarmonth,98,10.0
244,248,pace,rate,98,10.0
272,277,final,terminal,98,10.0
418,423,price,damage,98,10.0
83,90,gearing,gear,99,10.0
168,177,featuring,have,99,10.0
243,252,releasing,expel,99,10.0
286,295,featuring,have,99,10.0
20,27,biggest,bighearted,100,10.0
82,90,slightly,slenderly,100,10.0
151,159,previous,old,100,10.0
171,176,still,however,100,10.0
213,217,show,appearance,100,10.0
224,227,net,final,100,10.0
249,254,total,entire,100,10.0
27,32,claim,take,101,10.0
61,66,title,championship,101,10.0
241,248,crowned,coronate,101,10.0
253,257,well,easily,101,10.0
265,268,men,militaryman,101,10.0
332,338,tennis,lawntennis,101,10.0
345,352,missing,leaveout,101,10.0
75,81,taking,callfor,102,10.0
86,90,view,sentiment,102,10.0
157,162,earth,land,102,10.0
284,288,able,capable,102,10.0
300,307,results,consequence,102,10.0
370,376,leader,drawingcard,102,10.0
410,414,good,near,102,10.0
436,440,look,appear,102,10.0
40,47,housing,trapping,103,10.0
65,71,office,authority,103,10.0
179,186,cabinet,storagelocker,103,10.0
187,196,secretary,secretaire,103,10.0
259,262,pay,salary,103,10.0
296,303,reports,report,103,10.0
362,371,financial,fiscal,103,10.0
14,19,based,ground,104,10.0
46,50,hear,see,104,10.0
69,73,deep,recondite,104,10.0
135,142,talking,lecture,104,10.0
233,237,city,urbancenter,104,10.0
292,296,more,morethan,104,10.0
108,115,viewers,looker,105,10.0
197,206,exclusive,undivided,105,10.0
319,327,visiting,impose,105,10.0
371,380,consumers,consumer,105,10.0
384,387,buy,purchase,105,10.0
388,395,loyalty,commitment,105,10.0
424,430,having,sustain,105,10.0
28,31,sit,pose,106,10.0
124,127,get,obtain,106,10.0
157,162,point,distributorpoint,106,10.0
275,279,game,secretplan,106,10.0
294,298,time,metre,106,10.0
356,359,red,flushed,106,10.0
360,364,card,circuitcard,106,10.0
0,4,film,motionpicture,107,10.0
9,17,released,resign,107,10.0
156,160,well,easily,107,10.0
183,190,respond,react,107,10.0
225,233,arrested,cop,107,10.0
239,243,star,hotshot,107,10.0
257,261,says,tell,107,10.0
292,298,public,populace,107,10.0
133,138,based,ground,108,10.0
193,197,club,nightclub,108,10.0
105,110,great,capital,109,10.0
128,132,More,Morethan,109,10.0
192,196,head,brain,109,10.0
249,254,small,minuscule,109,10.0
322,329,content,substance,109,10.0
365,374,developed,formulate,109,10.0
409,421,broadcasters,broadcaster,109,10.0
108,115,history,account,110,10.0
126,133,deficit,shortfall,110,10.0
172,177,trade,patronage,110,10.0
238,246,compiled,compose,110,10.0
307,312,worth,deserving,110,10.0
11,16,world,humankind,111,10.0
144,149,going,plump,111,10.0
165,170,right,ingoodorder,111,10.0
171,174,now,instantly,111,10.0
180,184,jams,jamming,111,10.0
186,192,record,recordbook,111,10.0
248,251,new,unexampled,111,10.0
7,11,time,metre,112,10.0
36,42,settle,subside,112,10.0
54,59,place,situation,112,10.0
69,72,win,winnings,112,10.0
116,122,number,phonenumber,112,10.0
131,135,able,capable,112,10.0
170,173,set,limit,112,10.0
384,389,again,oncemore,112,10.0
41,48,biggest,bighearted,113,10.0
59,63,film,motionpicture,113,10.0
129,135,awards,laurels,113,10.0
187,195,national,interior,113,10.0
215,220,media,medium,113,10.0
354,362,appeared,appear,113,10.0
407,416,published,bringout,113,10.0
0,4,lose,fallback,114,10.0
100,107,achieve,attain,114,10.0
150,154,left,impart,114,10.0
242,246,also,too,114,10.0
288,292,want,require,114,10.0
343,347,play,toy,114,10.0
375,382,biggest,bighearted,114,10.0
396,403,opinion,persuasion,114,10.0
202,210,siblings,sibling,115,10.0
233,240,parents,parent,115,10.0
254,259,began,setabout,115,10.0
260,267,working,mould,115,10.0
273,281,producer,manufacturer,115,10.0
307,315,together,unitedly,115,10.0
10,15,views,scene,116,10.0
78,86,category,family,116,10.0
99,102,man,adultmale,116,10.0
103,108,named,key,116,10.0
206,214,together,unitedly,116,10.0
22,25,nhs,newhampshire,117,10.0
95,100,union,pairing,117,10.0
131,135,says,tell,117,10.0
166,171,union,pairing,117,10.0
256,263,pushing,agitate,117,10.0
270,274,more,toagreaterextent,117,10.0
275,283,flexible,pliant,117,10.0
15,20,piece,musicalcomposition,118,10.0
76,80,held,contain,118,10.0
87,91,beat,bewilder,118,10.0
190,197,stadium,arena,118,10.0
206,211,holds,deem,118,10.0
214,219,place,situation,118,10.0
315,320,ruled,reign,118,10.0
47,53,reason,intellect,119,10.0
76,80,only,solely,119,10.0
171,175,want,require,119,10.0
205,211,happen,pass,119,10.0
249,257,champion,wizard,119,10.0
311,315,miss,neglect,119,10.0
354,362,training,grooming,119,10.0
25,28,won,makeheadway,120,10.0
31,36,night,nox,120,10.0
219,224,stage,stagecoach,120,10.0
240,244,well,easily,120,10.0
311,318,getting,buzzoff,120,10.0
32,36,want,require,121,10.0
45,49,part,voice,121,10.0
67,71,told,assure,121,10.0
106,110,step,maltreat,121,10.0
163,172,ministers,diplomaticminister,121,10.0
220,230,parliament,sevens,121,10.0
333,336,won,makeheadway,121,10.0
87,96,available,usable,122,10.0
139,145,covers,cross,122,10.0
159,167,vehicles,vehicle,122,10.0
243,249,engine,locomotive,122,10.0
265,276,alternators,alternator,122,10.0
119,123,need,indigence,123,10.0
259,264,using,expend,123,10.0
285,291,noting,note,123,10.0
312,319,several,various,123,10.0
326,331,sites,site,123,10.0
369,375,access,getat,123,10.0
400,404,site,landsite,123,10.0
431,435,site,landsite,123,10.0
115,119,said,soundout,124,10.0
149,152,pay,bear,124,10.0
169,173,time,metre,124,10.0
22,29,workers,doer,125,10.0
35,42,injured,offend,125,10.0
230,234,time,metre,125,10.0
265,270,sweet,gratifying,125,10.0
288,294,opened,spreadout,125,10.0
392,399,rebound,recoil,125,10.0
409,414,sweet,gratifying,125,10.0
441,447,prices,cost,125,10.0
85,92,patents,patent,126,10.0
96,102,recent,late,126,10.0
204,209,users,exploiter,126,10.0
213,219,create,make,126,10.0
353,357,help,helponeself,126,10.0
369,376,develop,produce,126,10.0
63,67,came,addup,127,10.0
142,148,recent,late,127,10.0
149,154,times,metre,127,10.0
240,243,own,ain,127,10.0
326,333,umpires,umpire,127,10.0
11,20,ministers,diplomaticminister,128,10.0
46,51,staff,stave,128,10.0
104,111,invited,callfor,128,10.0
119,126,meeting,groupmeeting,128,10.0
139,148,testimony,testimonial,128,10.0
280,284,time,metre,128,10.0
56,63,victory,triumph,129,10.0
91,97,return,take,129,10.0
122,125,won,makeheadway,129,10.0
130,136,maiden,initiative,129,10.0
166,175,returning,comeback,129,10.0
200,205,faced,look,129,10.0
0,8,designed,contrive,130,10.0
93,101,identity,personalidentity,130,10.0
107,111,more,morethan,130,10.0
112,123,information,entropy,130,10.0
124,129,visit,chitchat,130,10.0
318,323,began,setabout,130,10.0
328,335,travels,travelling,130,10.0
83,93,production,yield,131,10.0
205,215,attributed,impute,131,10.0
249,254,films,plasticfilm,131,10.0
280,285,films,plasticfilm,131,10.0
321,330,therefore,thence,131,10.0
376,386,businesses,occupation,131,10.0
15,19,team,squad,132,10.0
24,33,performed,perform,132,10.0
82,86,show,depict,132,10.0
95,106,improvement,betterment,132,10.0
113,120,beating,pound,132,10.0
128,132,away,aside,132,10.0
233,243,relegation,delegation,132,10.0
336,348,Championship,Backing,132,10.0
0,12,shareholders,stockholder,133,10.0
25,34,companies,fellowship,133,10.0
41,48,article,clause,133,10.0
82,89,traders,monger,134,10.0
211,218,package,softwarepackage,134,10.0
231,236,index,forefinger,134,10.0
241,249,hovering,loom,134,10.0
259,266,highest,high,134,10.0
267,272,level,tier,134,10.0
296,302,dollar,onedollarbill,134,10.0
451,458,deficit,shortfall,134,10.0
494,501,falling,come,134,10.0
117,126,including,letin,135,10.0
174,178,part,voice,135,10.0
259,262,new,unexampled,135,10.0
263,270,channel,communicationchannel,135,10.0
47,54,holiday,vacation,136,10.0
228,231,duo,yoke,136,10.0
289,296,careers,lifehistory,136,10.0
349,355,lyrics,words,136,10.0
18,21,out,away,137,10.0
28,32,game,secretplan,137,10.0
33,39,offers,tender,137,10.0
73,80,battles,engagement,137,10.0
180,186,system,arrangement,137,10.0
197,200,new,unexampled,137,10.0
295,303,controls,master,137,10.0
84,89,happy,felicitous,138,10.0
100,105,great,capital,138,10.0
151,157,nerves,nerve,138,10.0
336,340,took,claim,138,10.0
353,357,then,andthen,138,10.0
373,376,mat,lusterlessness,138,10.0
27,33,number,phonenumber,139,10.0
48,55,benefit,dogood,139,10.0
206,214,interest,involvement,139,10.0
215,223,payments,requital,139,10.0
280,286,survey,sketch,139,10.0
381,388,edition,variation,139,10.0
420,424,more,toagreaterextent,139,10.0
125,130,saved,saveup,140,10.0
219,228,allocated,apportion,140,10.0
281,292,earthquakes,temblor,140,10.0
296,303,eastern,easterly,140,10.0
5,12,smoking,smoke,141,10.0
40,48,justices,justness,141,10.0
89,97,fighting,press,141,10.0
172,176,news,newsshow,141,10.0
240,245,proud,lofty,141,10.0
312,317,block,stymie,141,10.0
338,345,efforts,movement,141,10.0
85,97,partnerships,partnership,142,10.0
131,138,provide,bringhomethebacon,142,10.0
171,175,also,too,142,10.0
203,214,established,constitute,142,10.0
280,283,new,unexampled,142,10.0
392,402,resolution,resolving,142,10.0
431,440,processor,centralprocessingunit,142,10.0
34,41,getting,buzzoff,143,10.0
50,55,world,humankind,143,10.0
80,86,trying,try,143,10.0
95,99,sure,trusted,143,10.0
129,133,lose,fallback,143,10.0
226,229,see,control,143,10.0
348,351,win,winnings,143,10.0
367,380,championships,title,143,10.0
11,19,computer,electroniccomputer,144,10.0
21,28,however,still,144,10.0
78,81,map,function,144,10.0
94,105,interactive,synergistic,144,10.0
160,164,more,morethan,144,10.0
210,217,version,adaptation,144,10.0
223,227,show,depict,144,10.0
304,313,searching,lookfor,144,10.0
0,6,growth,emergence,145,10.0
38,44,demand,requirement,145,10.0
60,66,driven,repel,145,10.0
181,188,exports,export,145,10.0
201,205,year,twelvemonth,145,10.0
259,268,increased,increase,145,10.0
97,101,late,former,146,10.0
107,113,sealed,seal,146,10.0
114,121,victory,triumph,146,10.0
145,151,volley,burst,146,10.0
199,202,say,enjoin,146,10.0
256,261,final,terminal,146,10.0
339,351,performances,publicpresentation,146,10.0
52,62,noteworthy,remarkable,147,10.0
63,67,book,holywrit,147,10.0
130,135,great,capital,147,10.0
181,191,television,televisionset,147,10.0
200,205,known,liewith,147,10.0
329,339,adventures,adventure,147,10.0
347,353,couple,mates,147,10.0
363,366,men,militaryman,147,10.0
25,29,high,gamy,148,10.0
97,103,scores,hit,148,10.0
160,166,scores,hit,148,10.0
178,182,help,helponeself,148,10.0
16,23,biggest,bighearted,149,10.0
157,167,introduced,inclose,149,10.0
223,232,computing,calculation,149,10.0
290,296,global,worldwide,149,10.0
344,349,going,plump,149,10.0
383,388,going,plump,149,10.0
395,399,very,real,149,10.0
416,422,mobile,mobileriver,149,10.0
0,5,court,tribunal,150,10.0
22,27,named,key,150,10.0
90,98,athletes,jock,150,10.0
175,185,suspension,break,150,10.0
225,235,management,direction,150,10.0
308,311,let,lease,150,10.0
334,340,failed,giveout,150,10.0
35,42,console,cabinet,151,10.0
43,48,sales,grossrevenue,151,10.0
63,68,sales,grossrevenue,151,10.0
97,101,seen,visit,151,10.0
287,295,consoles,console,151,10.0
0,6,people,hoipolloi,152,10.0
15,22,applied,puton,152,10.0
128,134,scheme,dodging,152,10.0
151,154,get,obtain,152,10.0
176,180,free,innocent,152,10.0
279,287,approved,approve,152,10.0
293,303,government,administration,152,10.0
71,81,confidence,trust,153,10.0
141,148,central,primal,153,10.0
155,161,target,aim,153,10.0
217,222,index,forefinger,153,10.0
327,333,global,worldwide,153,10.0
334,340,growth,emergence,153,10.0
360,367,dropped,unload,153,10.0
76,81,there,onthatpoint,154,10.0
92,95,new,unexampled,154,10.0
96,100,tool,shaft,154,10.0
104,109,based,ground,154,10.0
395,399,lets,let,154,10.0
404,410,access,getat,154,10.0
415,418,web,entanglement,154,10.0
121,127,modern,mod,155,10.0
163,168,movie,picture,155,10.0
220,224,show,appearance,155,10.0
233,237,star,hotshot,155,10.0
288,293,movie,picture,155,10.0
66,71,train,civilise,156,10.0
106,110,then,andthen,156,10.0
128,132,good,near,156,10.0
178,181,day,clarenceday,156,10.0
235,239,give,hand,156,10.0
268,272,very,real,156,10.0
311,317,ground,terrafirma,156,10.0
349,355,seemed,appear,156,10.0
380,384,away,aside,156,10.0
95,98,new,unexampled,157,10.0
109,115,coming,occur,157,10.0
145,149,room,way,157,10.0
179,189,especially,particularly,157,10.0
202,205,saw,insure,157,10.0
208,212,good,near,157,10.0
327,331,fell,drop,157,10.0
31,39,products,ware,158,10.0
134,143,advantage,vantage,158,10.0
204,208,said,soundout,158,10.0
226,232,saying,read,158,10.0
263,269,seeing,hear,158,10.0
333,336,job,caper,158,10.0
105,109,user,exploiter,159,10.0
160,168,director,theatredirector,159,10.0
182,192,department,section,159,10.0
239,244,group,grouping,159,10.0
284,290,impact,wallop,159,10.0
12,16,best,honest,160,10.0
117,121,best,honest,160,10.0
191,200,adventure,riskyventure,160,10.0
7,17,discussion,treatment,161,10.0
66,69,get,obtain,161,10.0
208,213,think,conceive,161,10.0
230,235,final,terminal,161,10.0
236,243,episode,sequence,161,10.0
297,300,now,instantly,161,10.0
333,339,tories,tory,161,10.0
21,27,people,hoipolloi,162,10.0
32,36,died,kickthebucket,162,10.0
102,106,died,kickthebucket,162,10.0
160,164,died,kickthebucket,162,10.0
168,175,custody,hold,162,10.0
265,269,said,soundout,162,10.0
0,8,schedule,agenda,163,10.0
35,41,viewed,lookat,163,10.0
193,198,based,ground,163,10.0
208,211,old,former,163,10.0
230,233,boy,malechild,163,10.0
11,15,time,metre,164,10.0
43,50,looking,count,164,10.0
54,61,confirm,corroborate,164,10.0
201,208,country,respublica,164,10.0
242,247,party,company,164,10.0
316,321,peers,peer,164,10.0
333,338,world,humankind,164,10.0
400,406,partys,company,164,10.0
17,22,holds,deem,165,10.0
217,225,expected,require,165,10.0
226,229,now,instantly,165,10.0
263,271,increase,increment,165,10.0
293,297,lead,take,165,10.0
306,315,borrowing,adoption,165,10.0
90,95,right,proper,166,10.0
96,100,wing,extension,166,10.0
117,122,often,agreatdeal,166,10.0
191,200,criticism,critique,166,10.0
244,250,public,populace,166,10.0
254,261,protest,dissent,166,10.0
85,90,right,proper,167,10.0
214,222,decision,determination,167,10.0
272,277,point,distributorpoint,167,10.0
298,302,vote,voterturnout,167,10.0
319,328,suggested,intimate,167,10.0
20,24,good,near,168,10.0
25,30,lunch,tiffin,168,10.0
118,125,premier,chancellor,168,10.0
184,192,announce,declare,168,10.0
197,208,resignation,surrender,168,10.0
265,270,place,situation,168,10.0
312,317,leave,impart,168,10.0
318,324,office,authority,168,10.0
0,4,gala,blowout,169,10.0
110,115,force,forcefulness,169,10.0
140,144,star,hotshot,169,10.0
224,228,star,hotshot,169,10.0
261,265,gals,gallon,169,10.0
271,280,presented,award,169,10.0
14,19,speak,verbalise,170,10.0
36,43,history,account,170,10.0
140,146,battle,fight,170,10.0
161,167,nation,carryameliamoorenation,170,10.0
207,213,attack,aggress,170,10.0
241,245,just,scarcely,170,10.0
260,268,attacked,attack,170,10.0
321,326,small,minuscule,170,10.0
21,27,marque,tradename,171,10.0
60,66,record,recordbook,171,10.0
204,208,came,addup,171,10.0
221,227,amends,indemnity,171,10.0
252,260,previous,old,171,10.0
199,204,risen,grow,172,10.0
238,242,rate,chargeperunit,172,10.0
253,261,deposits,deposition,172,10.0
300,304,rate,chargeperunit,172,10.0
346,352,savers,recoverer,172,10.0
113,119,father,don,173,10.0
184,195,obstructing,occlude,173,10.0
219,225,breach,rupture,173,10.0
322,329,commons,park,173,10.0
359,367,arrested,cop,173,10.0
459,464,other,early,173,10.0
473,480,include,admit,173,10.0
504,508,boat,gravyboat,173,10.0
197,204,seeking,search,174,10.0
229,233,take,fill,174,10.0
303,311,withhold,recoup,174,10.0
341,347,become,get,174,10.0
429,433,says,tell,174,10.0
460,466,debate,disputation,174,10.0
470,480,euthanasia,mercykilling,174,10.0
489,502,circumstances,portion,174,10.0
513,521,outweigh,overbalance,174,10.0
25,29,seen,visit,175,10.0
34,39,share,ploughshare,175,10.0
117,121,data,datum,175,10.0
180,189,estimates,idea,175,10.0
320,326,output,production,175,10.0
327,331,fell,drop,175,10.0
0,4,said,soundout,176,10.0
107,110,say,enjoin,176,10.0
179,189,surrounded,surround,176,10.0
199,203,ones,single,176,10.0
215,220,sorry,sad,176,10.0
245,252,passing,overtaking,176,10.0
283,289,family,syndicate,176,10.0
87,92,cross,hybrid,177,10.0
173,177,wins,pullahead,177,10.0
264,275,consecutive,straight,177,10.0
296,305,defeating,kill,177,10.0
342,350,straight,true,177,10.0
351,361,conference,groupdiscussion,177,10.0
8,14,shares,percentage,178,10.0
48,52,want,require,178,10.0
192,197,costs,monetaryvalue,178,10.0
27,31,made,progressto,179,10.0
41,49,approved,approve,179,10.0
99,109,parliament,sevens,179,10.0
197,201,bank,bankingcompany,179,10.0
244,248,also,too,179,10.0
249,256,looking,count,179,10.0
34,42,prospect,chance,180,10.0
57,61,here,hither,180,10.0
110,114,good,near,180,10.0
225,229,team,squad,180,10.0
230,234,mate,firstmate,180,10.0
0,4,idea,musicaltheme,181,10.0
36,41,works,dowork,181,10.0
67,72,going,plump,181,10.0
88,95,similar,exchangeable,181,10.0
96,105,situation,stateofaffairs,181,10.0
253,262,wondering,wonder,181,10.0
31,34,now,instantly,182,10.0
118,122,hold,clutches,182,10.0
134,138,give,hand,182,10.0
152,159,process,swearout,182,10.0
223,227,idea,musicaltheme,182,10.0
283,287,home,family,182,10.0
410,414,move,propel,182,10.0
415,422,forward,fore,182,10.0
27,34,replace,putback,183,10.0
35,39,more,morethan,183,10.0
105,111,cables,transmissionline,183,10.0
133,140,problem,job,183,10.0
169,175,faulty,wrong,183,10.0
267,276,defective,bad,183,10.0
305,309,hold,harbour,183,10.0
22,26,best,honest,184,10.0
37,43,laptop,laptopcomputer,184,10.0
186,191,works,dowork,184,10.0
374,384,background,ground,184,10.0
388,397,computing,calculation,184,10.0
402,408,visual,optical,184,10.0
409,412,art,prowess,184,10.0
76,79,set,limit,185,10.0
134,138,draw,hook,185,10.0
178,183,seeds,come,185,10.0
252,256,move,motion,185,10.0
284,290,forced,drive,185,10.0
74,79,bonds,bondcertificate,186,10.0
142,150,business,businessenterprise,186,10.0
154,163,countries,area,186,10.0
200,205,taxed,tax,186,10.0
246,255,corporate,corporal,186,10.0
76,80,play,toy,187,10.0
101,106,means,haveinmind,187,10.0
244,247,big,bighearted,187,10.0
295,302,waiting,await,187,10.0
310,314,even,yet,187,10.0
345,350,tough,elusive,187,10.0
372,376,girl,littlegirl,187,10.0
385,390,heart,essence,187,10.0
33,37,says,tell,188,10.0
212,217,liked,care,188,10.0
229,232,dad,pop,188,10.0
245,250,Image,Picture,188,10.0
298,302,want,require,188,10.0
33,37,made,progressto,189,10.0
172,179,husband,hubby,189,10.0
205,211,singer,isaacmerritsinger,189,10.0
238,245,reunion,reunification,189,10.0
246,250,tour,dutytour,189,10.0
27,32,whole,unscathed,190,10.0
110,117,freedom,exemption,190,10.0
124,128,able,capable,190,10.0
169,180,resignation,surrender,190,10.0
263,273,questioned,oppugn,190,10.0
300,308,continue,retain,190,10.0
346,355,financial,fiscal,190,10.0
43,49,health,wellness,191,10.0
56,65,education,pedagogy,191,10.0
132,142,tumultuous,riotous,191,10.0
213,219,source,germ,191,10.0
223,230,revenue,gross,191,10.0
267,277,assistance,assist,191,10.0
344,350,social,societal,191,10.0
385,390,raise,stir,191,10.0
99,104,close,secretive,192,10.0
112,117,truth,sojournertruth,192,10.0
150,154,book,holywrit,192,10.0
193,201,claiming,arrogate,192,10.0
287,293,called,callin,192,10.0
358,366,minister,diplomaticminister,192,10.0
404,408,says,tell,192,10.0
37,44,company,companionship,193,10.0
51,56,sells,deal,193,10.0
57,61,wine,vino,193,10.0
232,235,led,conduce,193,10.0
14,18,kind,variety,194,10.0
47,56,sparingly,meagrely,194,10.0
87,96,advantage,vantage,194,10.0
102,107,other,early,194,10.0
44,49,child,nipper,195,10.0
77,82,alone,unequalled,195,10.0
144,148,aged,maturate,195,10.0
215,223,daughter,girl,195,10.0
233,241,enjoying,savour,195,10.0
274,284,impossible,unimaginable,195,10.0
76,83,wearing,wear,196,10.0
86,91,white,snowy,196,10.0
317,322,stock,gunstock,196,10.0
323,330,markets,foodmarket,196,10.0
409,417,sessions,session,196,10.0
34,38,well,easily,197,10.0
85,88,cut,trend,197,10.0
136,140,also,too,197,10.0
182,193,councillors,councilmember,197,10.0
216,220,want,require,197,10.0
224,230,reduce,cut,197,10.0
319,323,take,fill,197,10.0
64,68,also,too,198,10.0
69,78,announced,announce,198,10.0
128,131,new,unexampled,198,10.0
160,167,leading,run,198,10.0
186,192,market,marketplace,198,10.0
274,278,sure,trusted,198,10.0
31,37,system,arrangement,199,10.0
52,61,merchants,merchant,199,10.0
70,79,consumers,consumer,199,10.0
80,86,access,admission,199,10.0
274,277,new,unexampled,199,10.0
278,283,rules,linguisticrule,199,10.0
289,294,apply,use,199,10.0
411,418,payment,requital,199,10.0
0,6,record,recordbook,200,10.0
7,11,time,metre,200,10.0
127,130,won,makeheadway,200,10.0
166,170,race,raceway,200,10.0
129,135,shares,percentage,201,10.0
151,160,pressured,blackmail,201,10.0
183,193,regulation,rule,201,10.0
240,245,share,ploughshare,201,10.0
246,251,price,damage,201,10.0
282,285,low,sirdavidlow,201,10.0
400,404,most,almost,201,10.0
420,427,session,sitting,201,10.0
76,80,told,assure,202,10.0
141,145,team,squad,202,10.0
159,166,players,actor,202,10.0
189,193,able,capable,202,10.0
197,204,deliver,extradite,202,10.0
239,245,player,histrion,202,10.0
288,294,better,secure,202,10.0
92,95,old,former,203,10.0
96,103,version,adaptation,203,10.0
131,136,large,big,203,10.0
186,190,nice,prissy,203,10.0
208,214,really,genuinely,203,10.0
365,370,scene,conniption,203,10.0
83,87,tues,tuesday,204,10.0
99,104,award,awarding,204,10.0
139,148,automaker,carmanufacturer,205,10.0
238,242,cell,prisoncell,205,10.0
246,252,hybrid,intercrossed,205,10.0
347,356,continued,persistin,205,10.0
367,372,other,early,205,10.0
456,460,cars,elevatorcar,205,10.0
467,472,using,expend,205,10.0
61,67,people,hoipolloi,206,10.0
163,168,grown,maturate,206,10.0
222,226,paid,makeup,206,10.0
318,324,people,hoipolloi,206,10.0
341,346,homes,nursinghome,206,10.0
425,429,time,metre,206,10.0
431,436,Watch,Watchover,206,10.0
61,65,seat,fundament,207,10.0
175,184,insisting,takeafirmstand,207,10.0
272,276,make,pullin,207,10.0
277,281,sure,trusted,207,10.0
293,298,given,cavein,207,10.0
359,365,police,law,207,10.0
407,414,clashes,friction,207,10.0
24,27,art,prowess,208,10.0
184,192,expected,require,208,10.0
217,226,displayed,expose,208,10.0
274,278,also,too,208,10.0
290,298,discount,pricereduction,208,10.0
308,314,person,soul,208,10.0
336,340,show,appearance,208,10.0
7,12,tried,essay,209,10.0
34,38,best,easily,209,10.0
49,53,best,easily,209,10.0
89,97,emotions,emotion,209,10.0
214,218,race,raceway,209,10.0
242,248,people,hoipolloi,209,10.0
253,256,out,away,209,10.0
257,262,there,onthatpoint,209,10.0
395,398,day,clarenceday,209,10.0
8,12,film,motionpicture,210,10.0
48,54,living,know,210,10.0
134,142,tributes,testimonial,210,10.0
162,166,lost,bemused,210,10.0
177,186,countries,area,211,10.0
221,228,foreign,extraneous,211,10.0
229,237,minister,diplomaticminister,211,10.0
322,330,expected,require,211,10.0
347,357,amendments,amendment,211,10.0
398,403,other,early,211,10.0
417,423,impose,inflict,211,10.0
434,438,arms,implementsofwar,211,10.0
110,116,winner,victor,212,10.0
124,132,marathon,battleofmarathon,212,10.0
149,153,team,squad,212,10.0
196,205,completed,complete,212,10.0
221,225,race,raceway,212,10.0
231,236,final,terminal,212,10.0
252,256,take,fill,212,10.0
8,15,leading,run,213,10.0
36,42,helmed,helm,213,10.0
18,22,feet,pes,214,10.0
129,133,best,honest,214,10.0
134,141,players,actor,214,10.0
159,163,more,morethan,214,10.0
200,206,better,secure,214,10.0
215,219,eyes,optic,214,10.0
332,335,job,caper,214,10.0
363,370,defense,defensivestructure,214,10.0
16,19,try,tryout,215,10.0
31,34,too,also,215,10.0
51,55,want,require,215,10.0
81,86,thank,givethanks,215,10.0
138,146,realized,substantiate,215,10.0
268,275,getting,buzzoff,215,10.0
298,302,sure,trusted,215,10.0
350,357,careful,thrifty,215,10.0
12,19,fortune,chance,216,10.0
63,68,board,table,216,10.0
122,126,week,calendarweek,216,10.0
221,224,bid,tender,216,10.0
239,247,released,resign,216,10.0
367,373,deeply,profoundly,216,10.0
395,403,decision,determination,216,10.0
36,43,winners,victor,217,10.0
109,116,biggest,bighearted,217,10.0
198,203,makes,attain,217,10.0
264,269,there,onthatpoint,217,10.0
284,289,world,humankind,217,10.0
291,300,wrestling,worm,217,10.0
301,305,news,newsshow,217,10.0
10,18,enforced,implement,218,10.0
66,70,sure,trusted,218,10.0
80,88,properly,right,218,10.0
259,262,new,unexampled,218,10.0
263,268,rules,linguisticrule,218,10.0
346,355,community,bioticcommunity,218,10.0
367,375,expected,require,218,10.0
396,400,more,morethan,218,10.0
423,427,same,like,218,10.0
7,14,managed,deal,219,10.0
32,39,company,companionship,219,10.0
47,57,understood,understand,219,10.0
227,231,part,voice,219,10.0
256,260,want,require,219,10.0
323,327,rely,trust,219,10.0
340,344,help,supporter,219,10.0
396,399,bit,scrap,219,10.0
27,31,most,almost,220,10.0
78,88,contagious,catching,220,10.0
169,173,film,motionpicture,220,10.0
236,246,television,televisionset,220,10.0
269,275,events,issue,220,10.0
304,314,dedication,commitment,220,10.0
368,374,corner,quoin,220,10.0
9,13,soon,shortly,221,10.0
140,145,prize,pillage,221,10.0
176,182,taking,callfor,221,10.0
242,253,tournaments,tourney,221,10.0
348,352,more,toagreaterextent,221,10.0
366,373,players,actor,221,10.0
19,24,fight,battle,222,10.0
95,103,gardener,nurseryman,222,10.0
137,142,reach,turnover,222,10.0
185,191,winner,victor,222,10.0
208,219,competition,competitor,222,10.0
110,118,criminal,vicious,223,10.0
174,179,truth,sojournertruth,223,10.0
200,204,prey,feed,223,10.0
238,248,prosecuted,prosecute,223,10.0
262,269,welfare,benefit,223,10.0
4,11,problem,job,224,10.0
107,114,resolve,settle,224,10.0
169,177,alliance,alignment,224,10.0
195,206,ideological,ideologic,224,10.0
231,238,divided,divide,224,10.0
303,308,trade,patronage,224,10.0
50,57,leaving,leavealone,225,10.0
101,105,more,morethan,225,10.0
106,111,cable,cablesystem,225,10.0
112,116,news,newsshow,225,10.0
193,198,share,ploughshare,225,10.0
282,286,fall,descend,225,10.0
299,308,broadcast,program,225,10.0
430,437,compete,contend,225,10.0
89,94,going,plump,226,10.0
116,120,also,too,226,10.0
136,139,get,obtain,226,10.0
164,173,delivered,have,226,10.0
174,182,straight,direct,226,10.0
45,51,events,issue,227,10.0
63,68,world,humankind,227,10.0
69,78,including,letin,227,10.0
101,109,football,footballgame,227,10.0
342,347,globe,ball,227,10.0
354,358,game,secretplan,227,10.0
363,369,played,act,227,10.0
411,417,ground,terrafirma,227,10.0
22,30,flexible,pliant,228,10.0
43,50,service,militaryservice,228,10.0
100,108,isolated,separated,228,10.0
168,175,service,militaryservice,228,10.0
212,221,announced,announce,228,10.0
254,259,optic,eye,228,10.0
272,278,ensure,assure,228,10.0
377,382,boost,rise,228,10.0
128,132,sure,trusted,229,10.0
145,152,believe,think,229,10.0
183,189,better,secure,229,10.0
285,295,especially,particularly,229,10.0
300,309,attacking,snipe,229,10.0
310,314,play,playingperiod,229,10.0
353,358,score,make,229,10.0
23,29,shared,partakein,230,10.0
34,40,vision,sight,231,10.0
132,138,leader,drawingcard,231,10.0
204,213,important,ofimport,231,10.0
230,234,sure,trusted,231,10.0
255,261,ground,terrafirma,231,10.0
294,299,happy,felicitous,231,10.0
318,322,team,squad,231,10.0
8,15,playing,trifle,232,10.0
106,112,trophy,prize,232,10.0
178,183,still,however,232,10.0
184,194,struggling,shinny,232,10.0
233,237,just,scarcely,232,10.0
333,337,true,genuine,232,10.0
133,138,named,key,233,10.0
158,162,show,appearance,233,10.0
219,223,fans,fan,233,10.0
256,260,show,appearance,233,10.0
314,317,too,also,233,10.0
327,333,boring,tedious,233,10.0
374,380,having,sustain,233,10.0
381,384,sex,sexualurge,233,10.0
0,5,court,tribunal,234,10.0
33,42,infringed,infringe,234,10.0
94,100,unfair,unjust,234,10.0
163,167,even,yet,234,10.0
190,196,person,soul,234,10.0
237,243,listen,mind,234,10.0
309,313,also,too,234,10.0
74,79,still,however,235,10.0
167,172,whole,unit,235,10.0
250,257,however,still,235,10.0
267,274,specify,qualify,235,10.0
284,290,people,hoipolloi,235,10.0
307,312,spend,expend,235,10.0
370,379,announced,announce,235,10.0
413,417,ends,finish,235,10.0
10,15,small,minuscule,236,10.0
16,20,part,voice,236,10.0
28,36,solution,solvent,236,10.0
91,95,kids,nipper,236,10.0
142,146,keep,keepon,236,10.0
216,220,only,solely,236,10.0
229,236,improve,ameliorate,236,10.0
50,53,net,final,237,10.0
96,105,forecasts,forecast,237,10.0
146,151,euros,euro,237,10.0
189,197,reported,cover,237,10.0
239,242,net,final,237,10.0
280,284,fell,drop,237,10.0
81,90,announced,announce,238,10.0
116,124,business,businessenterprise,238,10.0
207,212,brand,stigma,238,10.0
280,288,expanded,spreadout,238,10.0
43,53,communitys,bioticcommunity,239,10.0
192,200,addition,improver,239,10.0
221,231,understood,understand,239,10.0
271,276,using,expend,239,10.0
287,290,run,huntdown,239,10.0
301,305,cash,johncash,239,10.0
56,61,gross,utter,240,10.0
71,78,product,production,240,10.0
284,289,sales,grossrevenue,240,10.0
23,27,long,longsighted,241,10.0
28,34,sprint,dash,241,10.0
66,70,just,scarcely,241,10.0
127,131,long,longsighted,241,10.0
205,208,men,militaryman,241,10.0
274,280,silver,ashgrey,241,10.0
359,363,keep,keepon,241,10.0
19,24,share,ploughshare,242,10.0
84,92,expected,require,242,10.0
107,113,market,marketplace,242,10.0
186,191,trade,patronage,242,10.0
35,39,bone,pearl,243,10.0
47,51,foot,metricalfoot,243,10.0
82,90,possible,potential,243,10.0
115,121,forced,drive,243,10.0
191,196,pitch,lurch,243,10.0
314,324,determined,compulsive,243,10.0
362,367,happy,felicitous,243,10.0
0,6,cement,cementum,244,10.0
7,11,firm,house,244,10.0
81,89,planning,project,244,10.0
106,111,times,metre,244,10.0
243,251,expected,require,244,10.0
348,352,auto,automobile,244,10.0
353,362,generated,get,244,10.0
0,4,want,require,245,10.0
24,29,plays,dally,245,10.0
59,63,play,toy,245,10.0
122,127,niles,nile,245,10.0
146,151,lions,pantheraleo,245,10.0
273,277,move,motion,245,10.0
384,387,too,also,245,10.0
29,38,countries,area,246,10.0
144,149,ruled,reign,246,10.0
185,192,selling,trade,246,10.0
318,323,video,telecasting,246,10.0
370,376,matter,issue,246,10.0
377,382,still,however,246,10.0
40,44,well,easily,247,10.0
55,59,rate,chargeperunit,247,10.0
96,100,fall,descend,247,10.0
165,173,expected,require,247,10.0
23,26,jet,green,248,10.0
43,47,said,soundout,248,10.0
110,115,hoped,trust,248,10.0
127,130,fly,fell,248,10.0
179,182,end,terminal,248,10.0
219,223,said,soundout,248,10.0
303,310,company,companionship,248,10.0
22,27,world,humankind,249,10.0
102,105,get,obtain,249,10.0
132,137,thank,givethanks,249,10.0
188,192,star,hotshot,249,10.0
217,224,honored,esteemed,249,10.0
97,101,seen,visit,250,10.0
221,226,spent,drop,250,10.0
278,282,need,demand,250,10.0
286,289,get,obtain,250,10.0
337,342,great,capital,250,10.0
408,415,players,actor,250,10.0
39,43,slam,gibe,251,10.0
117,125,provides,cater,251,10.0
126,133,premium,insurancepremium,251,10.0
237,242,offer,tender,251,10.0
245,249,wide,blanket,251,10.0
320,328,strategy,scheme,251,10.0
357,364,support,funding,251,10.0
140,146,police,law,252,10.0
147,155,officers,policeofficer,252,10.0
214,223,intention,aim,252,10.0
299,304,given,cavein,252,10.0
305,311,notice,card,252,10.0
319,329,suspension,break,252,10.0
96,99,due,ascribable,253,10.0
186,190,come,amount,253,10.0
206,214,features,featurefilm,253,10.0
260,267,biggest,bighearted,253,10.0
298,304,access,getat,253,10.0
20,25,state,commonwealth,254,10.0
47,50,law,legalphilosophy,254,10.0
141,145,told,assure,254,10.0
176,188,disappointed,disappoint,254,10.0
240,244,pass,dropdead,254,10.0
395,400,super,tops,254,10.0
7,13,family,syndicate,255,10.0
131,135,care,aid,255,10.0
136,140,then,andthen,255,10.0
182,189,Parents,Parent,255,10.0
209,214,trust,bank,255,10.0
245,251,rights,right,255,10.0
327,333,mother,femaleparent,255,10.0
70,78,handling,manipulation,256,10.0
157,166,candidate,prospect,256,10.0
203,208,party,company,256,10.0
307,321,communications,communication,256,10.0
322,330,director,theatredirector,256,10.0
358,371,opportunities,chance,256,10.0
17,24,popular,pop,257,10.0
113,118,watch,watchover,257,10.0
163,168,smart,fresh,257,10.0
293,298,works,dowork,257,10.0
319,325,easily,easy,257,10.0
364,367,add,summate,257,10.0
417,425,supports,sustain,257,10.0
426,430,live,lively,257,10.0
5,10,lance,lancet,258,10.0
21,27,netted,clear,258,10.0
113,118,coach,charabanc,258,10.0
119,124,drags,draw,258,10.0
137,148,replacement,permutation,258,10.0
285,291,player,histrion,258,10.0
84,88,word,parole,259,10.0
100,104,make,pullin,259,10.0
196,200,make,pullin,259,10.0
205,208,eat,exhaust,259,10.0
272,282,podcasting,podcast,259,10.0
303,307,blog,weblog,259,10.0
342,346,post,position,259,10.0
366,369,let,lease,259,10.0
387,392,think,conceive,259,10.0
24,30,labour,labourparty,260,10.0
181,189,politics,politicalsympathies,260,10.0
240,244,good,near,260,10.0
245,249,shot,deadreckoning,260,10.0
297,301,also,too,260,10.0
360,365,seats,behind,260,10.0
371,375,lost,suffer,260,10.0
416,425,elections,election,260,10.0
19,29,previously,antecedently,261,10.0
55,66,corporation,pot,261,10.0
119,127,expected,require,261,10.0
154,161,project,task,261,10.0
185,188,oil,fossiloil,261,10.0
270,278,revenues,taxrevenue,261,10.0
106,112,people,hoipolloi,262,10.0
133,139,number,phonenumber,262,10.0
192,201,estimated,approximate,262,10.0
245,254,financial,fiscal,262,10.0
283,288,small,minuscule,262,10.0
296,305,available,usable,262,10.0
326,332,single,unmarried,262,10.0
365,371,number,phonenumber,262,10.0
72,79,guitars,guitar,263,10.0
83,89,create,make,263,10.0
104,108,most,almost,263,10.0
160,164,song,birdcall,263,10.0
248,254,lyrics,words,263,10.0
271,275,song,birdcall,263,10.0
313,322,guitarist,guitarplayer,263,10.0
37,41,says,tell,264,10.0
109,116,leading,run,264,10.0
227,230,use,usage,264,10.0
238,247,loopholes,loophole,264,10.0
280,286,makers,manufacturer,264,10.0
328,332,need,demand,264,10.0
28,36,chairman,president,265,10.0
37,41,says,tell,265,10.0
96,109,disrespectful,awless,265,10.0
121,125,very,real,265,10.0
126,139,disrespectful,awless,265,10.0
253,257,very,real,265,10.0
272,279,subject,subjectarea,265,10.0
29,34,turns,sprain,266,10.0
44,47,own,ain,266,10.0
90,96,action,activity,266,10.0
116,119,man,adultmale,266,10.0
224,233,dedicated,commit,266,10.0
339,342,fan,sportsfan,266,10.0
119,122,gas,accelerator,267,10.0
201,205,also,too,267,10.0
230,240,innovative,advanced,267,10.0
269,272,gas,accelerator,267,10.0
274,282,facility,quickness,267,10.0
342,350,generate,sire,267,10.0
373,379,global,worldwide,267,10.0
50,57,company,companionship,268,10.0
150,156,breach,rupture,268,10.0
202,210,official,functionary,268,10.0
277,285,sentence,condemnation,268,10.0
22,28,deemed,viewas,269,10.0
67,73,tories,tory,269,10.0
145,150,party,company,269,10.0
230,241,predecessor,harbinger,269,10.0
342,348,tories,tory,269,10.0
390,395,saved,saveup,269,10.0
400,403,job,caper,269,10.0
134,139,laden,oppressed,270,10.0
140,150,workplaces,work,270,10.0
216,223,covered,handle,270,10.0
320,329,completed,complete,270,10.0
385,397,transparency,transparentness,270,10.0
454,461,reached,hit,270,10.0
48,53,video,telecasting,271,10.0
59,67,creation,initiation,271,10.0
72,78,gaming,play,271,10.0
143,151,designed,contrive,271,10.0
198,201,bid,tender,271,10.0
272,281,available,usable,271,10.0
325,329,seen,visit,271,10.0
5,10,final,terminal,272,10.0
46,49,day,clarenceday,272,10.0
68,73,sleep,eternalrest,272,10.0
99,102,get,obtain,272,10.0
228,234,chance,hazard,272,10.0
286,291,woman,cleaninglady,272,10.0
47,52,other,early,273,10.0
90,96,comedy,funniness,273,10.0
140,145,movie,picture,273,10.0
188,193,award,awarding,273,10.0
198,202,best,honest,273,10.0
229,235,silver,ashgrey,273,10.0
36,42,leader,drawingcard,274,10.0
61,65,game,secretplan,274,10.0
66,75,concludes,close,274,10.0
90,93,out,away,274,10.0
112,119,scoring,nock,274,10.0
153,161,expected,require,274,10.0
44,54,government,administration,275,10.0
115,124,upgrading,advance,275,10.0
134,142,vehicles,vehicle,275,10.0
199,205,report,writeup,275,10.0
215,222,average,mediocre,275,10.0
7,12,added,sumup,276,10.0
32,38,number,phonenumber,276,10.0
103,109,studio,studioapartment,276,10.0
119,127,launched,establish,276,10.0
400,404,says,tell,276,10.0
414,423,promotion,promotionalmaterial,276,10.0
431,438,players,actor,276,10.0
453,461,purchase,leverage,276,10.0
47,50,too,also,277,10.0
74,83,listening,listen,277,10.0
113,117,just,scarcely,277,10.0
127,130,put,setup,277,10.0
174,181,ratings,evaluation,277,10.0
200,204,song,birdcall,277,10.0
243,248,album,recordalbum,277,10.0
266,271,whole,unscathed,277,10.0
74,77,oil,fossiloil,278,10.0
86,92,rising,climb,278,10.0
108,115,reduced,loseweight,278,10.0
131,139,products,ware,278,10.0
149,153,said,soundout,278,10.0
184,193,prospects,chance,278,10.0
299,303,rise,resurrect,278,10.0
70,78,greatest,capital,279,10.0
112,118,honest,dependable,279,10.0
147,150,won,makeheadway,279,10.0
159,163,slam,gibe,279,10.0
232,238,nation,carryameliamoorenation,279,10.0
273,277,page,thomasnelsonpage,279,10.0
185,190,award,awarding,280,10.0
195,199,best,honest,280,10.0
211,216,story,chronicle,280,10.0
222,227,novel,new,280,10.0
297,305,universe,creation,280,10.0
326,331,story,chronicle,280,10.0
339,345,series,serial,280,10.0
4,11,allowed,takeintoaccount,281,10.0
20,24,part,voice,281,10.0
115,127,disappointed,foiled,281,10.0
137,146,committee,citizenscommittee,281,10.0
167,175,granting,give,281,10.0
195,206,participate,takepart,281,10.0
280,285,court,tribunal,281,10.0
64,74,technology,engineering,282,10.0
80,85,video,telecasting,282,10.0
92,99,article,clause,282,10.0
239,243,site,landsite,282,10.0
415,422,written,pen,282,10.0
448,457,publisher,publishingfirm,282,10.0
19,23,make,pullin,283,10.0
94,98,more,morethan,283,10.0
151,155,need,indigence,283,10.0
180,186,demand,requirement,283,10.0
236,240,care,aid,283,10.0
258,267,including,letin,283,10.0
348,358,facilities,adeptness,283,10.0
418,425,illness,unwellness,283,10.0
48,56,weakness,impuissance,284,10.0
89,94,signs,planetaryhouse,284,10.0
125,132,tremors,microseism,284,10.0
262,267,occur,comeabout,284,10.0
268,272,very,real,284,10.0
308,316,reported,cover,284,10.0
56,61,chief,principal,285,10.0
172,181,marketing,merchandising,285,10.0
208,212,take,fill,285,10.0
239,243,took,claim,285,10.0
112,118,aiming,purport,286,10.0
133,139,worlds,humanrace,286,10.0
146,153,biggest,bighearted,286,10.0
262,267,brand,stigma,286,10.0
282,289,acquire,assume,286,10.0
38,42,made,progressto,287,10.0
123,129,letter,varsityletter,287,10.0
137,147,parliament,sevens,287,10.0
227,232,right,proper,287,10.0
345,349,said,soundout,287,10.0
380,385,women,cleaninglady,287,10.0
393,400,diocese,episcopate,287,10.0
409,412,men,militaryman,287,10.0
84,95,unnecessary,unneeded,288,10.0
109,114,stamp,mold,288,10.0
115,119,duty,tariff,288,10.0
156,162,policy,insurancepolicy,288,10.0
262,268,expect,haveabunintheoven,288,10.0
7,17,supporters,garter,289,10.0
45,55,westerlies,westerly,289,10.0
199,205,saying,read,289,10.0
288,291,set,limit,289,10.0
312,322,government,administration,289,10.0
389,395,season,timeofyear,289,10.0
408,413,raise,stir,289,10.0
19,23,unit,buildingblock,290,10.0
103,107,area,country,290,10.0
111,118,central,primal,290,10.0
191,194,oil,fossiloil,290,10.0
66,74,measures,mensuration,291,10.0
171,177,called,callin,291,10.0
200,207,website,internetsite,291,10.0
283,289,appear,seem,291,10.0
28,35,biggest,bighearted,292,10.0
48,56,released,resign,292,10.0
158,162,best,easily,292,10.0
89,98,president,unitedstatespresident,293,10.0
123,127,very,real,293,10.0
128,133,large,big,293,10.0
148,154,people,hoipolloi,293,10.0
177,183,better,secure,293,10.0
234,241,changed,change,293,10.0
246,250,face,look,293,10.0
8,11,net,final,294,10.0
69,75,police,law,294,10.0
223,230,officer,policeman,294,10.0
270,279,attempted,essay,294,10.0
283,288,break,fallapart,294,10.0
358,366,district,dominion,294,10.0
0,4,ever,ofalltime,295,10.0
105,119,administration,government,295,10.0
217,221,also,too,295,10.0
250,260,government,administration,295,10.0
302,306,aide,adjutant,295,10.0
357,363,chosen,take,295,10.0
16,20,film,motionpicture,296,10.0
64,68,well,easily,296,10.0
133,145,respectively,severally,296,10.0
220,229,positions,office,296,10.0
249,255,making,gain,296,10.0
60,67,umpires,umpire,297,10.0
142,146,case,pillowslip,297,10.0
339,343,work,actupon,297,10.0
344,348,hard,heavily,297,10.0
352,358,ensure,assure,297,10.0
386,394,properly,right,297,10.0
395,407,investigated,enquire,297,10.0
0,6,awards,laurels,298,10.0
13,17,Best,Honest,298,10.0
111,119,language,voicecommunication,298,10.0
120,126,awards,laurels,298,10.0
138,145,foreign,extraneous,298,10.0
170,175,movie,picture,298,10.0
23,28,tries,try,299,10.0
55,59,beat,bewilder,299,10.0
38,46,starring,star,300,10.0
58,63,stars,star,300,10.0
80,88,director,theatredirector,300,10.0
14,19,speak,verbalise,301,10.0
36,43,history,account,301,10.0
140,146,battle,fight,301,10.0
161,167,nation,carryameliamoorenation,301,10.0
207,213,attack,aggress,301,10.0
241,245,just,scarcely,301,10.0
260,268,attacked,attack,301,10.0
321,326,small,minuscule,301,10.0
107,113,MARKET,MARKETPLACE,302,10.0
114,119,GRAND,WONDROUS,302,10.0
129,134,SMALL,MINUSCULE,302,10.0
3,7,like,similar,303,10.0
16,20,lion,leo,303,10.0
136,143,amazing,awesome,303,10.0
144,148,club,nightclub,303,10.0
174,183,confident,surefooted,303,10.0
13,19,fallen,fall,304,10.0
57,64,outlook,prospect,304,10.0
73,80,country,respublica,304,10.0
213,222,unchanged,unaltered,304,10.0
250,254,rose,rebel,304,10.0
300,308,previous,old,304,10.0
0,6,secret,hidden,305,10.0
28,36,athletes,jock,305,10.0
73,79,greats,great,305,10.0
84,90,gifted,present,305,10.0
138,144,talent,gift,305,10.0
278,283,still,however,305,10.0
7,11,well,easily,306,10.0
23,29,better,secure,306,10.0
77,84,joneses,johnpauljones,306,10.0
235,240,video,telecasting,306,10.0
249,256,singles,ace,306,10.0
302,308,single,unmarried,306,10.0
12,19,biggest,bighearted,307,10.0
104,111,awarded,present,307,10.0
193,198,debut,introduction,307,10.0
199,204,album,recordalbum,307,10.0
282,287,label,recordinglabel,307,10.0
320,327,winners,victor,307,10.0
344,347,new,unexampled,307,10.0
348,353,yorks,york,307,10.0
31,38,brought,lend,308,10.0
48,52,team,squad,308,10.0
59,65,making,gain,308,10.0
115,119,make,pullin,308,10.0
143,151,suffered,abide,308,10.0
0,4,said,soundout,309,10.0
21,26,reach,turnover,309,10.0
110,119,preparing,organize,309,10.0
238,245,justice,doj,309,10.0
246,255,secretary,secretaire,309,10.0
267,277,understood,understand,309,10.0
343,351,guidance,counsel,309,10.0
398,404,member,phallus,309,10.0
412,417,legal,sound,309,10.0
64,71,respond,react,310,10.0
96,100,also,too,310,10.0
132,144,blackberries,blackberrybush,310,10.0
4,11,company,companionship,311,10.0
12,16,said,soundout,311,10.0
102,106,long,longsighted,311,10.0
282,289,fashion,manner,311,10.0
306,315,newspaper,paper,311,10.0
374,380,rights,right,311,10.0
399,404,terms,terminus,311,10.0
412,416,deal,businessdeal,311,10.0
13,18,movie,picture,312,10.0
37,41,best,honest,312,10.0
132,139,awarded,present,312,10.0
159,164,films,plasticfilm,312,10.0
174,184,considered,deliberate,312,10.0
12,15,way,fashion,313,10.0
148,154,spoken,verbalize,313,10.0
162,167,voice,vocalization,313,10.0
168,172,mail,chainmail,313,10.0
201,205,firm,steady,313,10.0
76,83,largest,orotund,314,10.0
111,118,country,respublica,314,10.0
211,218,country,respublica,314,10.0
302,312,technology,engineering,314,10.0
340,346,global,worldwide,314,10.0
426,435,expanding,exposit,314,10.0
457,465,creating,create,314,10.0
13,19,having,sustain,315,10.0
118,122,best,honest,315,10.0
160,164,most,almost,315,10.0
215,222,rumours,rumor,315,10.0
299,304,squad,policesquad,315,10.0
330,333,run,running,315,10.0
4,8,held,contain,316,10.0
92,102,consortium,pool,316,10.0
294,298,able,capable,316,10.0
302,307,enjoy,delight,316,10.0
312,320,benefits,benefit,316,10.0
367,373,ensure,assure,316,10.0
378,382,team,squad,316,10.0
383,390,remains,stayon,316,10.0
59,63,time,metre,317,10.0
137,143,single,unmarried,317,10.0
145,151,sister,baby,317,10.0
77,86,important,ofimport,318,10.0
136,146,operations,militaryoperation,318,10.0
209,215,result,lead,318,10.0
283,292,financial,fiscal,318,10.0
351,354,net,final,318,10.0
381,389,compared,compare,318,10.0
399,407,previous,old,318,10.0
138,148,employment,utilization,319,10.0
203,209,latest,previous,319,10.0
267,270,set,limit,319,10.0
275,282,further,farther,319,10.0
82,86,lead,take,320,10.0
93,99,influx,inflow,320,10.0
262,266,also,too,320,10.0
334,339,final,terminal,320,10.0
43,52,apologize,justify,321,10.0
230,234,told,assure,321,10.0
243,251,reaction,chemicalreaction,321,10.0
293,300,calling,callin,321,10.0
321,329,insisted,assert,321,10.0
0,8,defaults,nonpayment,322,10.0
103,112,financial,fiscal,322,10.0
126,132,charts,chart,322,10.0
137,145,analysis,depthpsychology,322,10.0
297,302,ideas,musicaltheme,322,10.0
20,24,need,indigence,323,10.0
28,32,form,takeshape,323,10.0
92,97,going,plump,323,10.0
164,169,terms,terminus,323,10.0
239,243,find,retrieve,323,10.0
259,263,true,genuine,323,10.0
311,320,generated,get,323,10.0
17,21,best,honest,324,10.0
171,184,entertainment,amusement,324,10.0
264,273,lifestyle,modusvivendi,324,10.0
274,281,updates,update,324,10.0
282,291,delivered,have,324,10.0
25,30,teams,squad,325,10.0
32,41,including,letin,325,10.0
83,89,single,unmarried,325,10.0
90,94,team,squad,325,10.0
129,135,entire,integral,325,10.0
154,160,crafts,craft,325,10.0
201,207,chance,hazard,325,10.0
259,266,article,clause,325,10.0
326,333,content,substance,325,10.0
41,44,gdp,grossdomesticproduct,326,10.0
106,114,spending,outlay,326,10.0
140,149,supported,patronise,326,10.0
277,280,GDP,GROSSDOMESTICPRODUCT,326,10.0
393,399,growth,emergence,326,10.0
403,411,expected,require,326,10.0
447,453,growth,emergence,326,10.0
128,135,singles,ace,327,10.0
242,248,friend,booster,327,10.0
274,278,same,like,327,10.0
279,288,situation,stateofaffairs,327,10.0
321,325,live,endure,327,10.0
48,55,company,companionship,328,10.0
221,225,also,too,328,10.0
261,269,allowing,allow,328,10.0
276,280,sell,deal,328,10.0
285,293,domestic,domesticated,328,10.0
304,313,including,letin,328,10.0
378,388,passengers,passenger,328,10.0
413,422,including,letin,328,10.0
34,38,made,progressto,329,10.0
39,43,more,toagreaterextent,329,10.0
146,156,opposition,resistance,329,10.0
169,175,called,callin,329,10.0
223,229,quoted,cite,329,10.0
263,269,saying,read,329,10.0
327,334,country,respublica,329,10.0
424,431,working,mould,329,10.0
102,110,expected,require,330,10.0
131,134,new,unexampled,330,10.0
135,139,dams,dkm,330,10.0
201,205,also,too,330,10.0
219,225,copper,pig,330,10.0
288,294,showed,exhibit,330,10.0
317,323,profit,earnings,330,10.0
17,23,better,secure,331,10.0
38,47,happening,materialise,331,10.0
106,116,businesses,occupation,331,10.0
228,237,consumers,consumer,331,10.0
253,262,merchants,merchant,331,10.0
284,292,services,service,331,10.0
442,446,help,helponeself,331,10.0
457,463,better,secure,331,10.0
40,44,part,voice,332,10.0
52,58,family,syndicate,332,10.0
94,104,historical,historic,332,10.0
164,169,music,euphony,332,10.0
191,200,including,letin,332,10.0
253,258,named,key,332,10.0
5,10,zones,zone,333,10.0
43,47,rate,chargeperunit,333,10.0
144,148,sign,signaling,333,10.0
190,195,price,damage,333,10.0
253,257,more,toagreaterextent,333,10.0
258,267,sensitive,tender,333,10.0
315,320,chief,principal,333,10.0
17,26,difficult,unmanageable,334,10.0
27,31,time,metre,334,10.0
60,66,fought,agitate,334,10.0
173,178,great,capital,334,10.0
275,280,great,capital,334,10.0
281,286,fight,battle,334,10.0
28,33,think,conceive,335,10.0
147,152,legal,sound,335,10.0
190,199,companies,fellowship,335,10.0
215,225,distribute,circulate,335,10.0
316,322,safety,safe,335,10.0
41,48,article,clause,336,10.0
119,127,pictures,exposure,336,10.0
182,188,latest,previous,336,10.0
219,228,lifestyle,modusvivendi,336,10.0
229,233,news,newsshow,336,10.0
361,368,growing,produce,336,10.0
369,375,public,populace,336,10.0
2,7,known,liewith,337,10.0
56,59,oil,fossiloil,337,10.0
137,143,things,thing,337,10.0
195,201,lately,oflate,337,10.0
258,265,started,leadoff,337,10.0
322,329,waiting,await,337,10.0
341,345,time,metre,337,10.0
29,38,including,letin,338,10.0
133,139,global,worldwide,338,10.0
140,146,health,wellness,338,10.0
187,195,expected,require,338,10.0
312,319,officer,policeman,338,10.0
364,369,group,grouping,338,10.0
10,14,sent,station,339,10.0
75,82,article,clause,339,10.0
15,23,business,businessenterprise,340,10.0
88,92,said,soundout,340,10.0
198,205,biggest,bighearted,340,10.0
241,246,needs,require,340,10.0
5,12,engaged,enlist,341,10.0
134,140,singer,isaacmerritsinger,341,10.0
187,193,choice,pick,341,10.0
218,222,fans,fan,341,10.0
223,228,enjoy,delight,341,10.0
246,252,artist,creativeperson,341,10.0
278,282,only,solely,341,10.0
0,6,allows,giveup,342,10.0
63,68,walks,walk,342,10.0
78,86,internet,cyberspace,342,10.0
115,119,most,almost,342,10.0
155,163,solution,solvent,342,10.0
282,286,good,near,342,10.0
411,422,photography,picturetaking,342,10.0
43,48,based,ground,343,10.0
104,111,meeting,groupmeeting,343,10.0
174,182,released,resign,343,10.0
192,201,detention,detainment,343,10.0
256,265,detention,detainment,343,10.0
266,272,center,heart,343,10.0
87,93,estate,landedestate,344,10.0
174,181,updated,update,344,10.0
278,287,mortgages,mortgage,344,10.0
3,10,allowed,takeintoaccount,345,10.0
56,60,open,clear,345,10.0
105,109,back,backwards,345,10.0
120,124,sure,trusted,345,10.0
177,181,weak,decrepit,345,10.0
185,189,wish,bid,345,10.0
15,18,put,setup,346,10.0
165,168,uks,greatbritain,346,10.0
179,188,hijacking,highjack,346,10.0
227,230,uks,greatbritain,346,10.0
298,303,happy,felicitous,346,10.0
101,110,including,letin,347,10.0
176,180,stem,stanch,347,10.0
362,368,profit,earnings,347,10.0
371,380,including,letin,347,10.0
400,403,run,huntdown,347,10.0
80,84,tell,secern,348,10.0
125,133,refusing,turndown,348,10.0
137,141,take,fill,348,10.0
318,325,heavily,hard,348,10.0
368,375,rappers,doorknocker,348,10.0
379,382,get,obtain,348,10.0
8,15,systems,arrangement,349,10.0
123,128,video,telecasting,349,10.0
173,179,living,sustenance,349,10.0
279,283,show,appearance,349,10.0
318,322,lets,let,349,10.0
327,333,listen,mind,349,10.0
411,418,control,controlcondition,349,10.0
4,9,final,terminal,350,10.0
10,17,edition,variation,350,10.0
83,90,joining,connect,350,10.0
172,180,ceremony,observance,350,10.0
256,261,storm,violentstorm,350,10.0
288,292,hall,residence,350,10.0
96,103,laptops,laptop,351,10.0
105,112,tablets,tablet,351,10.0
161,164,bit,scrap,351,10.0
165,173,graphics,artwork,351,10.0
320,324,show,appearance,351,10.0
366,373,virtual,practical,351,10.0
374,381,reality,realness,351,10.0
398,407,companies,fellowship,351,10.0
72,76,also,too,352,10.0
96,101,spend,expend,352,10.0
141,147,social,societal,352,10.0
40,44,sure,trusted,353,10.0
60,64,well,easily,353,10.0
137,141,city,urbancenter,353,10.0
210,214,seen,visit,353,10.0
273,278,bring,bestow,353,10.0
285,292,success,achiever,353,10.0
38,42,town,townsfolk,354,10.0
111,118,excited,mad,354,10.0
178,183,place,situation,354,10.0
205,208,now,instantly,354,10.0
260,264,love,getlaid,354,10.0
313,316,own,ain,354,10.0
324,329,loved,fuck,354,10.0
338,344,really,genuinely,354,10.0
69,74,build,construct,355,10.0
93,100,deficit,shortfall,355,10.0
170,178,expected,require,355,10.0
248,255,biggest,bighearted,355,10.0
376,380,year,twelvemonth,355,10.0
44,54,permission,permit,356,10.0
85,96,participate,takepart,356,10.0
130,136,people,hoipolloi,356,10.0
141,149,expected,require,356,10.0
153,159,attend,advert,356,10.0
175,183,national,interior,356,10.0
184,194,convention,convening,356,10.0
312,322,convention,convening,356,10.0
23,29,broken,breakout,357,10.0
118,127,purchased,purchase,357,10.0
153,157,even,yet,357,10.0
240,245,needs,require,357,10.0
262,268,hammer,pounding,357,10.0
302,309,warning,monition,357,10.0
180,184,ends,finish,358,10.0
262,269,provide,bringhomethebacon,358,10.0
279,285,access,admission,358,10.0
306,316,population,universe,358,10.0
415,422,country,respublica,358,10.0
456,463,improve,ameliorate,358,10.0
464,471,quality,timbre,358,10.0
475,479,life,animation,358,10.0
6,10,paid,makeup,359,10.0
38,42,well,easily,359,10.0
90,97,article,clause,359,10.0
43,50,beating,pound,360,10.0
57,63,number,phonenumber,360,10.0
188,193,event,issue,360,10.0
201,206,world,humankind,360,10.0
57,62,tried,essay,361,10.0
124,129,other,early,361,10.0
222,227,woman,cleaninglady,361,10.0
276,282,issues,issuance,361,10.0
307,311,name,figure,361,10.0
316,324,included,letin,361,10.0
410,416,credit,acknowledgment,361,10.0
417,421,card,circuitcard,361,10.0
93,100,falling,come,362,10.0
135,142,largest,orotund,362,10.0
160,167,growing,produce,362,10.0
227,231,said,soundout,362,10.0
236,244,slowdown,lag,362,10.0
348,355,sectors,sector,362,10.0
369,377,sluggish,inert,362,10.0
378,382,pace,rate,362,10.0
165,178,consolidation,integration,363,10.0
247,251,spun,spinaround,363,10.0
265,270,group,grouping,363,10.0
274,282,telecoms,telecommunication,363,10.0
283,292,companies,fellowship,363,10.0
297,305,acquired,grow,363,10.0
31,38,looking,count,364,10.0
53,58,again,oncemore,364,10.0
125,132,getting,buzzoff,364,10.0
206,210,make,pullin,364,10.0
220,228,festival,fete,364,10.0
240,244,even,yet,364,10.0
40,47,outlook,prospect,365,10.0
115,120,based,ground,365,10.0
136,143,biggest,bighearted,365,10.0
180,186,winner,victor,365,10.0
105,111,latest,previous,366,10.0
112,118,models,simulation,366,10.0
122,130,probably,inallprobability,366,10.0
173,177,same,like,366,10.0
178,185,handset,frenchtelephone,366,10.0
192,197,means,haveinmind,366,10.0
26,29,get,obtain,367,10.0
51,55,make,pullin,367,10.0
174,178,clay,luciusdubignonclay,367,10.0
17,21,loss,deprivation,368,10.0
51,54,cut,trend,368,10.0
82,87,stock,gunstock,368,10.0
170,179,reporting,cover,368,10.0
213,225,depreciation,derogation,368,10.0
252,258,missed,miss,368,10.0
278,282,also,too,368,10.0
9,15,chance,hazard,369,10.0
80,85,verse,rhyme,369,10.0
157,160,set,solidifying,369,10.0
191,197,called,callin,369,10.0
228,234,called,callin,369,10.0
241,246,heart,essence,369,10.0
254,262,extended,lengthened,369,10.0
289,295,called,callin,369,10.0
32,38,global,worldwide,370,10.0
83,87,best,easily,370,10.0
233,237,read,say,370,10.0
242,246,book,holywrit,370,10.0
356,360,show,appearance,370,10.0
361,364,try,tryout,370,10.0
365,374,searching,lookfor,370,10.0
393,397,here,hither,370,10.0
20,25,grand,wondrous,371,10.0
98,102,porn,porno,371,10.0
213,222,different,dissimilar,371,10.0
325,328,men,militaryman,371,10.0
336,341,comes,comein,371,10.0
358,362,case,pillowslip,371,10.0
363,372,involving,imply,371,10.0
375,378,man,adultmale,371,10.0
419,424,games,game,371,10.0
105,108,pop,daddy,372,10.0
123,127,only,solely,372,10.0
150,154,show,appearance,372,10.0
178,182,just,scarcely,372,10.0
191,194,fun,sport,372,10.0
271,284,gerrymandered,gerrymander,372,10.0
9,17,selected,pickout,373,10.0
79,84,votes,suffrage,373,10.0
156,163,soprano,treble,373,10.0
245,248,bid,tender,373,10.0
286,295,announced,announce,373,10.0
0,4,best,honest,374,10.0
22,27,cable,cablesystem,374,10.0
53,62,streaming,cyclosis,374,10.0
129,134,times,metre,374,10.0
165,171,better,secure,374,10.0
219,224,worst,spoiled,374,10.0
299,305,airing,broadcast,374,10.0
317,324,episode,sequence,374,10.0
29,40,allegations,allegation,375,10.0
190,197,stories,tarradiddle,375,10.0
198,202,sent,station,375,10.0
203,211,straight,direct,375,10.0
99,106,reflect,reverberate,376,10.0
229,239,accordance,conformity,376,10.0
307,316,consuming,ware,376,10.0
352,357,added,sumup,376,10.0
419,429,substances,essence,376,10.0
512,519,alcohol,inebriant,376,10.0
59,67,melville,hermanmelville,377,10.0
97,101,lead,pencillead,377,10.0
192,200,possible,potential,377,10.0
215,223,governor,regulator,377,10.0
260,267,decided,determine,377,10.0
275,280,holds,deem,377,10.0
13,17,even,yet,378,10.0
154,158,play,toy,378,10.0
161,166,video,telecasting,378,10.0
252,256,time,metre,378,10.0
302,308,people,hoipolloi,378,10.0
330,338,learning,hear,378,10.0
375,384,education,pedagogy,378,10.0
10,16,joined,gettogether,379,10.0
28,32,fast,dissolute,379,10.0
38,44,chains,chemicalchain,379,10.0
69,73,well,easily,379,10.0
77,83,having,sustain,379,10.0
102,112,consultant,adviser,379,10.0
248,252,wife,marriedwoman,379,10.0
307,311,give,hand,379,10.0
389,393,went,live,379,10.0
29,34,think,conceive,380,10.0
41,47,better,secure,380,10.0
82,85,bed,seam,380,10.0
146,150,come,amount,380,10.0
244,253,statement,assertion,380,10.0
34,37,job,caper,381,10.0
41,51,recruiting,enter,381,10.0
117,122,going,plump,381,10.0
217,222,exist,live,381,10.0
0,11,venezuelans,venezuelan,382,10.0
103,110,country,respublica,382,10.0
138,145,biggest,bighearted,382,10.0
177,184,imports,importation,382,10.0
235,245,previously,antecedently,382,10.0
246,251,faced,look,382,10.0
261,266,price,damage,382,10.0
13,17,dead,bushed,383,10.0
104,108,said,soundout,383,10.0
131,141,especially,particularly,383,10.0
150,154,came,addup,383,10.0
256,265,filmmaker,moviemaker,383,10.0
285,290,quick,prompt,383,10.0
313,317,film,motionpicture,383,10.0
329,333,well,easily,383,10.0
56,68,supermarkets,supermarket,384,10.0
123,131,shoppers,shopper,384,10.0
161,166,packs,mob,384,10.0
170,179,celebrate,lionize,384,10.0
217,227,households,household,384,10.0
286,289,set,limit,384,10.0
362,367,shops,workshop,384,10.0
443,451,affected,regard,384,10.0
105,111,united,linkup,385,10.0
200,207,country,respublica,385,10.0
235,240,white,snowy,385,10.0
241,250,supremacy,domination,385,10.0
328,333,sides,slope,385,10.0
341,347,divide,waterparting,385,10.0
349,359,especially,particularly,385,10.0
131,135,play,toy,386,10.0
158,165,playing,trifle,386,10.0
203,207,only,lonesome,386,10.0
268,274,chance,hazard,386,10.0
350,359,available,usable,386,10.0
363,368,users,exploiter,386,10.0
377,385,existing,survive,386,10.0
411,415,keep,keepon,386,10.0
423,427,free,innocent,386,10.0
60,65,match,frictionmatch,387,10.0
143,147,turn,bit,387,10.0
164,172,tendency,leaning,387,10.0
187,192,turns,bit,387,10.0
96,105,continues,extend,388,10.0
168,174,dollar,onedollarbill,388,10.0
192,198,ground,terrafirma,388,10.0
213,223,currencies,currency,388,10.0
352,355,war,stateofwar,388,10.0
385,392,trading,sell,388,10.0
393,397,down,downwardly,388,10.0
0,6,tories,tory,389,10.0
58,62,also,too,389,10.0
97,101,cost,monetaryvalue,389,10.0
145,151,tories,tory,389,10.0
206,209,pay,bear,389,10.0
210,215,taxes,taxis,389,10.0
379,387,increase,increment,389,10.0
0,4,tour,dutytour,390,10.0
21,29,division,part,390,10.0
65,72,special,peculiar,390,10.0
142,146,time,metre,390,10.0
264,272,released,resign,390,10.0
296,299,joy,joyousness,390,10.0
365,373,released,resign,390,10.0
0,3,yen,hankering,391,10.0
26,33,largest,orotund,391,10.0
40,45,index,forefinger,391,10.0
66,74,activity,bodilyfunction,391,10.0
121,128,started,leadoff,391,10.0
230,233,way,fashion,391,10.0
414,426,expectations,prospect,391,10.0
434,446,acceleration,speedup,391,10.0
50,56,people,hoipolloi,392,10.0
61,67,saying,read,392,10.0
88,93,wales,strake,392,10.0
94,101,captain,policecaptain,392,10.0
118,124,centre,middle,392,10.0
145,149,back,backwards,392,10.0
184,190,injury,combatinjury,392,10.0
195,199,said,soundout,392,10.0
46,51,level,tier,393,10.0
86,90,grow,arise,393,10.0
104,108,rate,chargeperunit,393,10.0
189,195,growth,emergence,393,10.0
306,312,strong,substantial,393,10.0
313,324,improvement,betterment,393,10.0
338,343,price,damage,393,10.0
20,23,set,limit,394,10.0
38,44,centre,middle,394,10.0
223,231,telecoms,telecommunication,394,10.0
387,393,figure,physique,394,10.0
433,437,meet,copewith,394,10.0
442,448,global,worldwide,394,10.0
458,466,reducing,concentrate,394,10.0
496,505,education,pedagogy,394,10.0
6,14,expected,require,395,10.0
18,24,return,repay,395,10.0
28,34,action,activity,395,10.0
173,178,ruled,reign,395,10.0
316,322,called,callin,395,10.0
336,342,return,take,395,10.0
350,355,field,airfield,395,10.0
4,8,sari,saree,396,10.0
65,70,waves,waving,396,10.0
90,94,body,physicalstructure,396,10.0
242,249,husband,hubby,396,10.0
280,286,struck,hit,396,10.0
375,380,later,subsequently,396,10.0
381,389,returned,return,396,10.0
134,137,let,lease,397,10.0
156,160,then,andthen,397,10.0
227,232,times,metre,397,10.0
243,253,profession,professing,397,10.0
259,264,stuck,wedge,397,10.0
303,308,legal,sound,397,10.0
338,342,left,impart,397,10.0
134,141,weapons,weaponsystem,398,10.0
190,198,expected,require,398,10.0
226,229,gun,ordnance,398,10.0
336,345,including,letin,398,10.0
356,363,weapons,weaponsystem,398,10.0
383,389,rifles,rifle,398,10.0
423,428,apply,use,398,10.0
12,21,education,pedagogy,399,10.0
107,112,other,early,399,10.0
174,181,through,throughandthrough,399,10.0
257,266,president,unitedstatespresident,399,10.0
299,305,making,gain,399,10.0
325,328,now,instantly,399,10.0
339,343,make,pullin,399,10.0
365,368,tax,revenueenhancement,399,10.0
401,405,time,metre,399,10.0
10,15,ruled,reign,400,10.0
62,67,early,other,400,10.0
68,74,yellow,sensationalistic,400,10.0
144,149,clash,jar,400,10.0
279,282,win,gainground,400,10.0
291,299,englands,england,400,10.0
23,28,users,exploiter,401,10.0
144,152,register,read,401,10.0
224,228,data,datum,401,10.0
243,250,address,speech,401,10.0
273,278,found,setup,401,10.0
279,283,here,hither,401,10.0
292,296,need,demand,401,10.0
45,49,also,too,402,10.0
112,116,fake,phony,402,10.0
137,141,well,easily,402,10.0
253,256,day,clarenceday,402,10.0
336,340,even,yet,402,10.0
343,348,virus,computervirus,402,10.0
354,361,appears,appear,402,10.0
392,398,server,waiter,402,10.0
37,42,group,grouping,403,10.0
171,175,owns,possess,403,10.0
230,238,producer,manufacturer,403,10.0
330,339,specifics,particular,403,10.0
355,363,proposal,marriageoffer,403,10.0
76,85,unlimited,outright,404,10.0
112,117,homes,nursinghome,404,10.0
121,125,part,voice,404,10.0
317,323,speeds,speed,404,10.0
443,450,shorter,shortsighted,404,10.0
461,465,time,metre,404,10.0
40,44,says,tell,405,10.0
60,63,fly,tentflap,405,10.0
110,119,celebrate,lionize,405,10.0
124,127,win,winnings,405,10.0
30,34,make,pullin,406,10.0
78,82,also,too,406,10.0
103,107,best,honest,406,10.0
249,253,film,motionpicture,406,10.0
13,19,speech,speechcommunication,407,10.0
39,45,unveil,bringout,407,10.0
62,68,speech,speechcommunication,407,10.0
149,158,recession,niche,407,10.0
185,189,bill,broadsheet,407,10.0
0,11,terrorising,terrify,408,10.0
76,83,country,respublica,408,10.0
156,161,vital,lively,408,10.0
165,173,remember,commemorate,408,10.0
225,230,right,righthand,408,10.0
260,265,allow,setaside,408,10.0
303,308,basic,canonic,408,10.0
325,331,people,hoipolloi,408,10.0
413,417,name,figure,408,10.0
32,35,oil,fossiloil,409,10.0
84,90,making,gain,409,10.0
153,156,tax,revenueenhancement,409,10.0
208,213,homes,nursinghome,409,10.0
229,239,government,administration,409,10.0
275,283,approved,approve,409,10.0
351,355,year,twelvemonth,409,10.0
374,382,expected,require,409,10.0
25,32,meaning,think,410,10.0
101,104,run,huntdown,410,10.0
194,200,family,syndicate,410,10.0
215,219,find,retrieve,410,10.0
296,303,started,leadoff,410,10.0
6,9,hit,off,411,10.0
58,62,well,easily,411,10.0
44,50,strong,substantial,412,10.0
51,58,showing,exhibit,412,10.0
68,71,own,ain,412,10.0
72,79,victory,triumph,412,10.0
220,225,times,metre,412,10.0
280,288,midlands,midland,412,10.0
331,335,lost,suffer,412,10.0
0,3,run,huntdown,413,10.0
34,40,prices,cost,413,10.0
41,49,starting,takeup,413,10.0
111,114,era,geologicalera,413,10.0
211,220,paintings,picture,413,10.0
282,288,artist,creativeperson,413,10.0
307,312,doing,manage,413,10.0
0,7,explain,excuse,414,10.0
69,77,minister,diplomaticminister,414,10.0
80,88,response,reception,414,10.0
104,109,clear,readable,414,10.0
238,244,seeing,hear,414,10.0
247,250,lot,greatdeal,414,10.0
4,8,deal,businessdeal,415,10.0
13,16,too,also,415,10.0
57,66,sentiment,persuasion,415,10.0
97,100,saw,insure,415,10.0
223,228,share,ploughshare,415,10.0
278,283,still,however,415,10.0
33,41,patching,patchup,416,10.0
73,82,protected,protect,416,10.0
98,105,attacks,attempt,416,10.0
162,167,patch,darn,416,10.0
241,244,PCs,personalcomputer,416,10.0
275,282,patches,bandage,416,10.0
33,41,managers,handler,417,10.0
130,140,investment,investing,417,10.0
182,186,rate,chargeperunit,417,10.0
220,230,investment,investing,417,10.0
92,100,champion,wizard,418,10.0
105,109,took,claim,418,10.0
155,159,lost,suffer,418,10.0
176,181,games,game,418,10.0
261,266,break,breakage,418,10.0
320,326,seemed,appear,418,10.0
371,375,good,near,418,10.0
71,74,too,also,419,10.0
162,166,make,pullin,419,10.0
167,171,sure,trusted,419,10.0
177,182,ready,quick,419,10.0
304,308,find,retrieve,419,10.0
316,320,back,backwards,419,10.0
340,345,going,plump,419,10.0
356,360,best,honest,419,10.0
49,54,reach,turnover,420,10.0
67,72,level,tier,420,10.0
159,171,productivity,productiveness,420,10.0
216,228,improvements,betterment,420,10.0
243,248,chain,sirernstborischain,420,10.0
264,272,products,ware,420,10.0
277,289,technologies,engineeringscience,420,10.0
439,443,more,morethan,420,10.0
201,208,manager,director,421,10.0
227,232,named,key,421,10.0
238,243,scout,spotter,421,10.0
276,279,man,adultmale,421,10.0
288,294,worked,forge,421,10.0
329,333,team,squad,421,10.0
10,14,knee,kneejoint,422,10.0
55,59,team,squad,422,10.0
66,69,man,adultmale,422,10.0
71,78,captain,policecaptain,422,10.0
151,156,groin,bulwark,422,10.0
198,202,miss,neglect,422,10.0
60,65,young,untested,423,10.0
72,79,writers,writer,423,10.0
161,166,named,key,423,10.0
200,205,nicks,dent,423,10.0
218,223,named,key,423,10.0
